Benchmark,ONNX,VNNLIB,Competiton results 2023,,Alpha-beta CROWN-2024,
acasxu,vnncomp2023_benchmarks/benchmarks/acasxu/onnx/ACASXU_run2a_1_1_batch_2000.onnx,vnncomp2023_benchmarks/benchmarks/acasxu/vnnlib/prop_1.vnnlib,24.69186996,unsat,26.1323,unsat
acasxu,vnncomp2023_benchmarks/benchmarks/acasxu/onnx/ACASXU_run2a_1_2_batch_2000.onnx,vnncomp2023_benchmarks/benchmarks/acasxu/vnnlib/prop_1.vnnlib,24.52229093,unsat,22.1331,unsat
acasxu,vnncomp2023_benchmarks/benchmarks/acasxu/onnx/ACASXU_run2a_1_3_batch_2000.onnx,vnncomp2023_benchmarks/benchmarks/acasxu/vnnlib/prop_1.vnnlib,24.6957795,unsat,25.9351,unsat
acasxu,vnncomp2023_benchmarks/benchmarks/acasxu/onnx/ACASXU_run2a_1_4_batch_2000.onnx,vnncomp2023_benchmarks/benchmarks/acasxu/vnnlib/prop_1.vnnlib,24.60725126,unsat,64.5978,unsat
acasxu,vnncomp2023_benchmarks/benchmarks/acasxu/onnx/ACASXU_run2a_1_5_batch_2000.onnx,vnncomp2023_benchmarks/benchmarks/acasxu/vnnlib/prop_1.vnnlib,24.6918025,unsat,17.8722,unsat
acasxu,vnncomp2023_benchmarks/benchmarks/acasxu/onnx/ACASXU_run2a_1_6_batch_2000.onnx,vnncomp2023_benchmarks/benchmarks/acasxu/vnnlib/prop_1.vnnlib,24.59215682,unsat,42.8425,unsat
acasxu,vnncomp2023_benchmarks/benchmarks/acasxu/onnx/ACASXU_run2a_1_7_batch_2000.onnx,vnncomp2023_benchmarks/benchmarks/acasxu/vnnlib/prop_1.vnnlib,24.36400776,unsat,14.9951,unsat
acasxu,vnncomp2023_benchmarks/benchmarks/acasxu/onnx/ACASXU_run2a_1_8_batch_2000.onnx,vnncomp2023_benchmarks/benchmarks/acasxu/vnnlib/prop_1.vnnlib,24.66089207,unsat,13.0701,unsat
acasxu,vnncomp2023_benchmarks/benchmarks/acasxu/onnx/ACASXU_run2a_1_9_batch_2000.onnx,vnncomp2023_benchmarks/benchmarks/acasxu/vnnlib/prop_1.vnnlib,24.63229319,unsat,9.8033,unsat
acasxu,vnncomp2023_benchmarks/benchmarks/acasxu/onnx/ACASXU_run2a_2_1_batch_2000.onnx,vnncomp2023_benchmarks/benchmarks/acasxu/vnnlib/prop_1.vnnlib,24.61308223,unsat,49.7596,unsat
acasxu,vnncomp2023_benchmarks/benchmarks/acasxu/onnx/ACASXU_run2a_2_2_batch_2000.onnx,vnncomp2023_benchmarks/benchmarks/acasxu/vnnlib/prop_1.vnnlib,24.28240889,unsat,30.7111,unsat
acasxu,vnncomp2023_benchmarks/benchmarks/acasxu/onnx/ACASXU_run2a_2_3_batch_2000.onnx,vnncomp2023_benchmarks/benchmarks/acasxu/vnnlib/prop_1.vnnlib,24.67384026,unsat,21.9987,unsat
acasxu,vnncomp2023_benchmarks/benchmarks/acasxu/onnx/ACASXU_run2a_2_4_batch_2000.onnx,vnncomp2023_benchmarks/benchmarks/acasxu/vnnlib/prop_1.vnnlib,24.58759927,unsat,49.0711,unsat
acasxu,vnncomp2023_benchmarks/benchmarks/acasxu/onnx/ACASXU_run2a_2_5_batch_2000.onnx,vnncomp2023_benchmarks/benchmarks/acasxu/vnnlib/prop_1.vnnlib,24.66863933,unsat,42.6592,unsat
acasxu,vnncomp2023_benchmarks/benchmarks/acasxu/onnx/ACASXU_run2a_2_6_batch_2000.onnx,vnncomp2023_benchmarks/benchmarks/acasxu/vnnlib/prop_1.vnnlib,24.35179038,unsat,466.4059,timeout
acasxu,vnncomp2023_benchmarks/benchmarks/acasxu/onnx/ACASXU_run2a_2_7_batch_2000.onnx,vnncomp2023_benchmarks/benchmarks/acasxu/vnnlib/prop_1.vnnlib,24.59451605,unsat,479.1798,timeout
acasxu,vnncomp2023_benchmarks/benchmarks/acasxu/onnx/ACASXU_run2a_2_8_batch_2000.onnx,vnncomp2023_benchmarks/benchmarks/acasxu/vnnlib/prop_1.vnnlib,24.56775135,unsat,459.1859,timeout
acasxu,vnncomp2023_benchmarks/benchmarks/acasxu/onnx/ACASXU_run2a_2_9_batch_2000.onnx,vnncomp2023_benchmarks/benchmarks/acasxu/vnnlib/prop_1.vnnlib,24.24780201,unsat,466.4286,timeout
acasxu,vnncomp2023_benchmarks/benchmarks/acasxu/onnx/ACASXU_run2a_3_1_batch_2000.onnx,vnncomp2023_benchmarks/benchmarks/acasxu/vnnlib/prop_1.vnnlib,24.64716377,unsat,24.6594,unsat
acasxu,vnncomp2023_benchmarks/benchmarks/acasxu/onnx/ACASXU_run2a_3_2_batch_2000.onnx,vnncomp2023_benchmarks/benchmarks/acasxu/vnnlib/prop_1.vnnlib,24.31223782,unsat,60.8091,unsat
acasxu,vnncomp2023_benchmarks/benchmarks/acasxu/onnx/ACASXU_run2a_3_3_batch_2000.onnx,vnncomp2023_benchmarks/benchmarks/acasxu/vnnlib/prop_1.vnnlib,24.64221145,unsat,58.0868,unsat
acasxu,vnncomp2023_benchmarks/benchmarks/acasxu/onnx/ACASXU_run2a_3_4_batch_2000.onnx,vnncomp2023_benchmarks/benchmarks/acasxu/vnnlib/prop_1.vnnlib,24.69181001,unsat,53.3332,unsat
acasxu,vnncomp2023_benchmarks/benchmarks/acasxu/onnx/ACASXU_run2a_3_5_batch_2000.onnx,vnncomp2023_benchmarks/benchmarks/acasxu/vnnlib/prop_1.vnnlib,24.53430041,unsat,454.5891,timeout
acasxu,vnncomp2023_benchmarks/benchmarks/acasxu/onnx/ACASXU_run2a_3_6_batch_2000.onnx,vnncomp2023_benchmarks/benchmarks/acasxu/vnnlib/prop_1.vnnlib,24.28028886,unsat,458.5476,timeout
acasxu,vnncomp2023_benchmarks/benchmarks/acasxu/onnx/ACASXU_run2a_3_7_batch_2000.onnx,vnncomp2023_benchmarks/benchmarks/acasxu/vnnlib/prop_1.vnnlib,24.25402375,unsat,470.7562,timeout
acasxu,vnncomp2023_benchmarks/benchmarks/acasxu/onnx/ACASXU_run2a_3_8_batch_2000.onnx,vnncomp2023_benchmarks/benchmarks/acasxu/vnnlib/prop_1.vnnlib,24.66679707,unsat,45.3815,unsat
acasxu,vnncomp2023_benchmarks/benchmarks/acasxu/onnx/ACASXU_run2a_3_9_batch_2000.onnx,vnncomp2023_benchmarks/benchmarks/acasxu/vnnlib/prop_1.vnnlib,24.57615562,unsat,75.6904,unsat
acasxu,vnncomp2023_benchmarks/benchmarks/acasxu/onnx/ACASXU_run2a_4_1_batch_2000.onnx,vnncomp2023_benchmarks/benchmarks/acasxu/vnnlib/prop_1.vnnlib,24.58708156,unsat,455.7188,timeout
acasxu,vnncomp2023_benchmarks/benchmarks/acasxu/onnx/ACASXU_run2a_4_2_batch_2000.onnx,vnncomp2023_benchmarks/benchmarks/acasxu/vnnlib/prop_1.vnnlib,24.26134877,unsat,20.7009,unsat
acasxu,vnncomp2023_benchmarks/benchmarks/acasxu/onnx/ACASXU_run2a_4_3_batch_2000.onnx,vnncomp2023_benchmarks/benchmarks/acasxu/vnnlib/prop_1.vnnlib,24.54243706,unsat,24.7051,unsat
acasxu,vnncomp2023_benchmarks/benchmarks/acasxu/onnx/ACASXU_run2a_4_4_batch_2000.onnx,vnncomp2023_benchmarks/benchmarks/acasxu/vnnlib/prop_1.vnnlib,24.5563405,unsat,73.7621,unsat
acasxu,vnncomp2023_benchmarks/benchmarks/acasxu/onnx/ACASXU_run2a_4_5_batch_2000.onnx,vnncomp2023_benchmarks/benchmarks/acasxu/vnnlib/prop_1.vnnlib,24.24159203,unsat,469.9705,timeout
acasxu,vnncomp2023_benchmarks/benchmarks/acasxu/onnx/ACASXU_run2a_4_6_batch_2000.onnx,vnncomp2023_benchmarks/benchmarks/acasxu/vnnlib/prop_1.vnnlib,24.30526418,unsat,453.4648,timeout
acasxu,vnncomp2023_benchmarks/benchmarks/acasxu/onnx/ACASXU_run2a_4_7_batch_2000.onnx,vnncomp2023_benchmarks/benchmarks/acasxu/vnnlib/prop_1.vnnlib,24.60896436,unsat,474.8604,timeout
acasxu,vnncomp2023_benchmarks/benchmarks/acasxu/onnx/ACASXU_run2a_4_8_batch_2000.onnx,vnncomp2023_benchmarks/benchmarks/acasxu/vnnlib/prop_1.vnnlib,24.35931189,unsat,448.3999,timeout
acasxu,vnncomp2023_benchmarks/benchmarks/acasxu/onnx/ACASXU_run2a_4_9_batch_2000.onnx,vnncomp2023_benchmarks/benchmarks/acasxu/vnnlib/prop_1.vnnlib,24.58428468,unsat,456.7027,timeout
acasxu,vnncomp2023_benchmarks/benchmarks/acasxu/onnx/ACASXU_run2a_5_1_batch_2000.onnx,vnncomp2023_benchmarks/benchmarks/acasxu/vnnlib/prop_1.vnnlib,24.59041983,unsat,55.9373,unsat
acasxu,vnncomp2023_benchmarks/benchmarks/acasxu/onnx/ACASXU_run2a_5_2_batch_2000.onnx,vnncomp2023_benchmarks/benchmarks/acasxu/vnnlib/prop_1.vnnlib,24.60300493,unsat,60.0363,unsat
acasxu,vnncomp2023_benchmarks/benchmarks/acasxu/onnx/ACASXU_run2a_5_3_batch_2000.onnx,vnncomp2023_benchmarks/benchmarks/acasxu/vnnlib/prop_1.vnnlib,24.64921474,unsat,49.0915,unsat
acasxu,vnncomp2023_benchmarks/benchmarks/acasxu/onnx/ACASXU_run2a_5_4_batch_2000.onnx,vnncomp2023_benchmarks/benchmarks/acasxu/vnnlib/prop_1.vnnlib,24.64687917,unsat,62.3463,unsat
acasxu,vnncomp2023_benchmarks/benchmarks/acasxu/onnx/ACASXU_run2a_5_5_batch_2000.onnx,vnncomp2023_benchmarks/benchmarks/acasxu/vnnlib/prop_1.vnnlib,24.68217515,unsat,454.7165,timeout
acasxu,vnncomp2023_benchmarks/benchmarks/acasxu/onnx/ACASXU_run2a_5_6_batch_2000.onnx,vnncomp2023_benchmarks/benchmarks/acasxu/vnnlib/prop_1.vnnlib,24.61787532,unsat,465.4537,timeout
acasxu,vnncomp2023_benchmarks/benchmarks/acasxu/onnx/ACASXU_run2a_5_7_batch_2000.onnx,vnncomp2023_benchmarks/benchmarks/acasxu/vnnlib/prop_1.vnnlib,24.30037137,unsat,463.0374,timeout
acasxu,vnncomp2023_benchmarks/benchmarks/acasxu/onnx/ACASXU_run2a_5_8_batch_2000.onnx,vnncomp2023_benchmarks/benchmarks/acasxu/vnnlib/prop_1.vnnlib,24.27690294,unsat,452.7905,timeout
acasxu,vnncomp2023_benchmarks/benchmarks/acasxu/onnx/ACASXU_run2a_5_9_batch_2000.onnx,vnncomp2023_benchmarks/benchmarks/acasxu/vnnlib/prop_1.vnnlib,24.29691825,unsat,41.783,unsat
acasxu,vnncomp2023_benchmarks/benchmarks/acasxu/onnx/ACASXU_run2a_1_1_batch_2000.onnx,vnncomp2023_benchmarks/benchmarks/acasxu/vnnlib/prop_2.vnnlib,24.47704682,unsat,454.9364,timeout
acasxu,vnncomp2023_benchmarks/benchmarks/acasxu/onnx/ACASXU_run2a_1_2_batch_2000.onnx,vnncomp2023_benchmarks/benchmarks/acasxu/vnnlib/prop_2.vnnlib,22.65554137,sat,2.2997,sat
acasxu,vnncomp2023_benchmarks/benchmarks/acasxu/onnx/ACASXU_run2a_1_3_batch_2000.onnx,vnncomp2023_benchmarks/benchmarks/acasxu/vnnlib/prop_2.vnnlib,24.5404268,sat,22.529,sat
acasxu,vnncomp2023_benchmarks/benchmarks/acasxu/onnx/ACASXU_run2a_1_4_batch_2000.onnx,vnncomp2023_benchmarks/benchmarks/acasxu/vnnlib/prop_2.vnnlib,22.6162542,sat,0.0254,sat
acasxu,vnncomp2023_benchmarks/benchmarks/acasxu/onnx/ACASXU_run2a_1_5_batch_2000.onnx,vnncomp2023_benchmarks/benchmarks/acasxu/vnnlib/prop_2.vnnlib,24.63536931,sat,2.2028,sat
acasxu,vnncomp2023_benchmarks/benchmarks/acasxu/onnx/ACASXU_run2a_1_6_batch_2000.onnx,vnncomp2023_benchmarks/benchmarks/acasxu/vnnlib/prop_2.vnnlib,24.47616319,sat,46.7968,sat
acasxu,vnncomp2023_benchmarks/benchmarks/acasxu/onnx/ACASXU_run2a_1_7_batch_2000.onnx,vnncomp2023_benchmarks/benchmarks/acasxu/vnnlib/prop_2.vnnlib,24.2375152,unsat,52.3796,unsat
acasxu,vnncomp2023_benchmarks/benchmarks/acasxu/onnx/ACASXU_run2a_1_8_batch_2000.onnx,vnncomp2023_benchmarks/benchmarks/acasxu/vnnlib/prop_2.vnnlib,24.52469476,unsat,473.9626,timeout
acasxu,vnncomp2023_benchmarks/benchmarks/acasxu/onnx/ACASXU_run2a_1_9_batch_2000.onnx,vnncomp2023_benchmarks/benchmarks/acasxu/vnnlib/prop_2.vnnlib,24.49627021,unsat,55.1345,unsat
acasxu,vnncomp2023_benchmarks/benchmarks/acasxu/onnx/ACASXU_run2a_2_1_batch_2000.onnx,vnncomp2023_benchmarks/benchmarks/acasxu/vnnlib/prop_2.vnnlib,22.62045702,sat,0.0222,sat
acasxu,vnncomp2023_benchmarks/benchmarks/acasxu/onnx/ACASXU_run2a_2_2_batch_2000.onnx,vnncomp2023_benchmarks/benchmarks/acasxu/vnnlib/prop_2.vnnlib,22.65318516,sat,0.0502,sat
acasxu,vnncomp2023_benchmarks/benchmarks/acasxu/onnx/ACASXU_run2a_2_3_batch_2000.onnx,vnncomp2023_benchmarks/benchmarks/acasxu/vnnlib/prop_2.vnnlib,22.67431933,sat,0.0098,sat
acasxu,vnncomp2023_benchmarks/benchmarks/acasxu/onnx/ACASXU_run2a_2_4_batch_2000.onnx,vnncomp2023_benchmarks/benchmarks/acasxu/vnnlib/prop_2.vnnlib,22.68866626,sat,0.022,sat
acasxu,vnncomp2023_benchmarks/benchmarks/acasxu/onnx/ACASXU_run2a_2_5_batch_2000.onnx,vnncomp2023_benchmarks/benchmarks/acasxu/vnnlib/prop_2.vnnlib,22.67933225,sat,0.0122,sat
acasxu,vnncomp2023_benchmarks/benchmarks/acasxu/onnx/ACASXU_run2a_2_6_batch_2000.onnx,vnncomp2023_benchmarks/benchmarks/acasxu/vnnlib/prop_2.vnnlib,22.71829711,sat,0.0081,sat
acasxu,vnncomp2023_benchmarks/benchmarks/acasxu/onnx/ACASXU_run2a_2_7_batch_2000.onnx,vnncomp2023_benchmarks/benchmarks/acasxu/vnnlib/prop_2.vnnlib,22.56291248,sat,0.011,sat
acasxu,vnncomp2023_benchmarks/benchmarks/acasxu/onnx/ACASXU_run2a_2_8_batch_2000.onnx,vnncomp2023_benchmarks/benchmarks/acasxu/vnnlib/prop_2.vnnlib,22.73239697,sat,0.0115,sat
acasxu,vnncomp2023_benchmarks/benchmarks/acasxu/onnx/ACASXU_run2a_2_9_batch_2000.onnx,vnncomp2023_benchmarks/benchmarks/acasxu/vnnlib/prop_2.vnnlib,22.72164553,sat,0.0229,sat
acasxu,vnncomp2023_benchmarks/benchmarks/acasxu/onnx/ACASXU_run2a_3_1_batch_2000.onnx,vnncomp2023_benchmarks/benchmarks/acasxu/vnnlib/prop_2.vnnlib,22.59728533,sat,0.0089,sat
acasxu,vnncomp2023_benchmarks/benchmarks/acasxu/onnx/ACASXU_run2a_3_2_batch_2000.onnx,vnncomp2023_benchmarks/benchmarks/acasxu/vnnlib/prop_2.vnnlib,24.23626312,sat,0.0266,sat
acasxu,vnncomp2023_benchmarks/benchmarks/acasxu/onnx/ACASXU_run2a_3_3_batch_2000.onnx,vnncomp2023_benchmarks/benchmarks/acasxu/vnnlib/prop_2.vnnlib,24.53433743,unsat,474.4418,timeout
acasxu,vnncomp2023_benchmarks/benchmarks/acasxu/onnx/ACASXU_run2a_3_4_batch_2000.onnx,vnncomp2023_benchmarks/benchmarks/acasxu/vnnlib/prop_2.vnnlib,22.82684052,sat,0.0088,sat
acasxu,vnncomp2023_benchmarks/benchmarks/acasxu/onnx/ACASXU_run2a_3_5_batch_2000.onnx,vnncomp2023_benchmarks/benchmarks/acasxu/vnnlib/prop_2.vnnlib,22.61448017,sat,0.0077,sat
acasxu,vnncomp2023_benchmarks/benchmarks/acasxu/onnx/ACASXU_run2a_3_6_batch_2000.onnx,vnncomp2023_benchmarks/benchmarks/acasxu/vnnlib/prop_2.vnnlib,22.68863396,sat,0.0198,sat
acasxu,vnncomp2023_benchmarks/benchmarks/acasxu/onnx/ACASXU_run2a_3_7_batch_2000.onnx,vnncomp2023_benchmarks/benchmarks/acasxu/vnnlib/prop_2.vnnlib,22.66885369,sat,0.0255,sat
acasxu,vnncomp2023_benchmarks/benchmarks/acasxu/onnx/ACASXU_run2a_3_8_batch_2000.onnx,vnncomp2023_benchmarks/benchmarks/acasxu/vnnlib/prop_2.vnnlib,22.69732565,sat,0.023,sat
acasxu,vnncomp2023_benchmarks/benchmarks/acasxu/onnx/ACASXU_run2a_3_9_batch_2000.onnx,vnncomp2023_benchmarks/benchmarks/acasxu/vnnlib/prop_2.vnnlib,22.74873605,sat,0.0108,sat
acasxu,vnncomp2023_benchmarks/benchmarks/acasxu/onnx/ACASXU_run2a_4_1_batch_2000.onnx,vnncomp2023_benchmarks/benchmarks/acasxu/vnnlib/prop_2.vnnlib,22.64288589,sat,0.0232,sat
acasxu,vnncomp2023_benchmarks/benchmarks/acasxu/onnx/ACASXU_run2a_4_2_batch_2000.onnx,vnncomp2023_benchmarks/benchmarks/acasxu/vnnlib/prop_2.vnnlib,24.2287307,unsat,472.4256,timeout
acasxu,vnncomp2023_benchmarks/benchmarks/acasxu/onnx/ACASXU_run2a_4_3_batch_2000.onnx,vnncomp2023_benchmarks/benchmarks/acasxu/vnnlib/prop_2.vnnlib,22.82083213,sat,0.0106,sat
acasxu,vnncomp2023_benchmarks/benchmarks/acasxu/onnx/ACASXU_run2a_4_4_batch_2000.onnx,vnncomp2023_benchmarks/benchmarks/acasxu/vnnlib/prop_2.vnnlib,22.73357972,sat,0.0209,sat
acasxu,vnncomp2023_benchmarks/benchmarks/acasxu/onnx/ACASXU_run2a_4_5_batch_2000.onnx,vnncomp2023_benchmarks/benchmarks/acasxu/vnnlib/prop_2.vnnlib,22.63406736,sat,0.0117,sat
acasxu,vnncomp2023_benchmarks/benchmarks/acasxu/onnx/ACASXU_run2a_4_6_batch_2000.onnx,vnncomp2023_benchmarks/benchmarks/acasxu/vnnlib/prop_2.vnnlib,22.71007998,sat,0.0087,sat
acasxu,vnncomp2023_benchmarks/benchmarks/acasxu/onnx/ACASXU_run2a_4_7_batch_2000.onnx,vnncomp2023_benchmarks/benchmarks/acasxu/vnnlib/prop_2.vnnlib,22.69972988,sat,0.0082,sat
acasxu,vnncomp2023_benchmarks/benchmarks/acasxu/onnx/ACASXU_run2a_4_8_batch_2000.onnx,vnncomp2023_benchmarks/benchmarks/acasxu/vnnlib/prop_2.vnnlib,22.67045043,sat,0.0073,sat
acasxu,vnncomp2023_benchmarks/benchmarks/acasxu/onnx/ACASXU_run2a_4_9_batch_2000.onnx,vnncomp2023_benchmarks/benchmarks/acasxu/vnnlib/prop_2.vnnlib,22.67601396,sat,0.0219,sat
acasxu,vnncomp2023_benchmarks/benchmarks/acasxu/onnx/ACASXU_run2a_5_1_batch_2000.onnx,vnncomp2023_benchmarks/benchmarks/acasxu/vnnlib/prop_2.vnnlib,22.61770935,sat,0.0107,sat
acasxu,vnncomp2023_benchmarks/benchmarks/acasxu/onnx/ACASXU_run2a_5_2_batch_2000.onnx,vnncomp2023_benchmarks/benchmarks/acasxu/vnnlib/prop_2.vnnlib,22.6868984,sat,0.0079,sat
acasxu,vnncomp2023_benchmarks/benchmarks/acasxu/onnx/ACASXU_run2a_5_3_batch_2000.onnx,vnncomp2023_benchmarks/benchmarks/acasxu/vnnlib/prop_2.vnnlib,24.53328382,sat,58.8143,sat
acasxu,vnncomp2023_benchmarks/benchmarks/acasxu/onnx/ACASXU_run2a_5_4_batch_2000.onnx,vnncomp2023_benchmarks/benchmarks/acasxu/vnnlib/prop_2.vnnlib,22.71466174,sat,0.0092,sat
acasxu,vnncomp2023_benchmarks/benchmarks/acasxu/onnx/ACASXU_run2a_5_5_batch_2000.onnx,vnncomp2023_benchmarks/benchmarks/acasxu/vnnlib/prop_2.vnnlib,22.66175726,sat,0.0094,sat
acasxu,vnncomp2023_benchmarks/benchmarks/acasxu/onnx/ACASXU_run2a_5_6_batch_2000.onnx,vnncomp2023_benchmarks/benchmarks/acasxu/vnnlib/prop_2.vnnlib,22.65108691,sat,0.0083,sat
acasxu,vnncomp2023_benchmarks/benchmarks/acasxu/onnx/ACASXU_run2a_5_7_batch_2000.onnx,vnncomp2023_benchmarks/benchmarks/acasxu/vnnlib/prop_2.vnnlib,22.68420765,sat,0.0129,sat
acasxu,vnncomp2023_benchmarks/benchmarks/acasxu/onnx/ACASXU_run2a_5_8_batch_2000.onnx,vnncomp2023_benchmarks/benchmarks/acasxu/vnnlib/prop_2.vnnlib,22.68362634,sat,0.009,sat
acasxu,vnncomp2023_benchmarks/benchmarks/acasxu/onnx/ACASXU_run2a_5_9_batch_2000.onnx,vnncomp2023_benchmarks/benchmarks/acasxu/vnnlib/prop_2.vnnlib,22.66597671,sat,0.0082,sat
acasxu,vnncomp2023_benchmarks/benchmarks/acasxu/onnx/ACASXU_run2a_1_1_batch_2000.onnx,vnncomp2023_benchmarks/benchmarks/acasxu/vnnlib/prop_3.vnnlib,24.16710977,unsat,458.8442,timeout
acasxu,vnncomp2023_benchmarks/benchmarks/acasxu/onnx/ACASXU_run2a_1_2_batch_2000.onnx,vnncomp2023_benchmarks/benchmarks/acasxu/vnnlib/prop_3.vnnlib,24.28420614,unsat,37.5411,unsat
acasxu,vnncomp2023_benchmarks/benchmarks/acasxu/onnx/ACASXU_run2a_1_3_batch_2000.onnx,vnncomp2023_benchmarks/benchmarks/acasxu/vnnlib/prop_3.vnnlib,24.44942929,unsat,45.2949,unsat
acasxu,vnncomp2023_benchmarks/benchmarks/acasxu/onnx/ACASXU_run2a_1_4_batch_2000.onnx,vnncomp2023_benchmarks/benchmarks/acasxu/vnnlib/prop_3.vnnlib,24.17274843,unsat,1.5329,unsat
acasxu,vnncomp2023_benchmarks/benchmarks/acasxu/onnx/ACASXU_run2a_1_5_batch_2000.onnx,vnncomp2023_benchmarks/benchmarks/acasxu/vnnlib/prop_3.vnnlib,23.86219232,unsat,1.5033,unsat
acasxu,vnncomp2023_benchmarks/benchmarks/acasxu/onnx/ACASXU_run2a_1_6_batch_2000.onnx,vnncomp2023_benchmarks/benchmarks/acasxu/vnnlib/prop_3.vnnlib,23.27431548,unsat,1.356,unsat
acasxu,vnncomp2023_benchmarks/benchmarks/acasxu/onnx/ACASXU_run2a_1_7_batch_2000.onnx,vnncomp2023_benchmarks/benchmarks/acasxu/vnnlib/prop_3.vnnlib,22.67338409,sat,0.0078,sat
acasxu,vnncomp2023_benchmarks/benchmarks/acasxu/onnx/ACASXU_run2a_1_8_batch_2000.onnx,vnncomp2023_benchmarks/benchmarks/acasxu/vnnlib/prop_3.vnnlib,22.67712997,sat,0.0096,sat
acasxu,vnncomp2023_benchmarks/benchmarks/acasxu/onnx/ACASXU_run2a_1_9_batch_2000.onnx,vnncomp2023_benchmarks/benchmarks/acasxu/vnnlib/prop_3.vnnlib,22.66312737,sat,0.0116,sat
acasxu,vnncomp2023_benchmarks/benchmarks/acasxu/onnx/ACASXU_run2a_2_1_batch_2000.onnx,vnncomp2023_benchmarks/benchmarks/acasxu/vnnlib/prop_3.vnnlib,24.53129202,unsat,33.0467,unsat
acasxu,vnncomp2023_benchmarks/benchmarks/acasxu/onnx/ACASXU_run2a_2_2_batch_2000.onnx,vnncomp2023_benchmarks/benchmarks/acasxu/vnnlib/prop_3.vnnlib,24.50135854,unsat,21.1864,unsat
acasxu,vnncomp2023_benchmarks/benchmarks/acasxu/onnx/ACASXU_run2a_2_3_batch_2000.onnx,vnncomp2023_benchmarks/benchmarks/acasxu/vnnlib/prop_3.vnnlib,24.51484264,unsat,13.4456,unsat
acasxu,vnncomp2023_benchmarks/benchmarks/acasxu/onnx/ACASXU_run2a_2_4_batch_2000.onnx,vnncomp2023_benchmarks/benchmarks/acasxu/vnnlib/prop_3.vnnlib,23.27506661,unsat,1.3174,unsat
acasxu,vnncomp2023_benchmarks/benchmarks/acasxu/onnx/ACASXU_run2a_2_5_batch_2000.onnx,vnncomp2023_benchmarks/benchmarks/acasxu/vnnlib/prop_3.vnnlib,24.20568339,unsat,1.4925,unsat
acasxu,vnncomp2023_benchmarks/benchmarks/acasxu/onnx/ACASXU_run2a_2_6_batch_2000.onnx,vnncomp2023_benchmarks/benchmarks/acasxu/vnnlib/prop_3.vnnlib,23.32206595,unsat,1.3578,unsat
acasxu,vnncomp2023_benchmarks/benchmarks/acasxu/onnx/ACASXU_run2a_2_7_batch_2000.onnx,vnncomp2023_benchmarks/benchmarks/acasxu/vnnlib/prop_3.vnnlib,23.29451015,unsat,1.3612,unsat
acasxu,vnncomp2023_benchmarks/benchmarks/acasxu/onnx/ACASXU_run2a_2_8_batch_2000.onnx,vnncomp2023_benchmarks/benchmarks/acasxu/vnnlib/prop_3.vnnlib,23.32423368,unsat,1.3557,unsat
acasxu,vnncomp2023_benchmarks/benchmarks/acasxu/onnx/ACASXU_run2a_2_9_batch_2000.onnx,vnncomp2023_benchmarks/benchmarks/acasxu/vnnlib/prop_3.vnnlib,23.29325762,unsat,1.3504,unsat
acasxu,vnncomp2023_benchmarks/benchmarks/acasxu/onnx/ACASXU_run2a_3_1_batch_2000.onnx,vnncomp2023_benchmarks/benchmarks/acasxu/vnnlib/prop_3.vnnlib,24.09265908,unsat,1.5016,unsat
acasxu,vnncomp2023_benchmarks/benchmarks/acasxu/onnx/ACASXU_run2a_3_2_batch_2000.onnx,vnncomp2023_benchmarks/benchmarks/acasxu/vnnlib/prop_3.vnnlib,24.04597031,unsat,8.9282,unsat
acasxu,vnncomp2023_benchmarks/benchmarks/acasxu/onnx/ACASXU_run2a_3_3_batch_2000.onnx,vnncomp2023_benchmarks/benchmarks/acasxu/vnnlib/prop_3.vnnlib,24.07098762,unsat,3.7531,unsat
acasxu,vnncomp2023_benchmarks/benchmarks/acasxu/onnx/ACASXU_run2a_3_4_batch_2000.onnx,vnncomp2023_benchmarks/benchmarks/acasxu/vnnlib/prop_3.vnnlib,24.49308871,unsat,5.4103,unsat
acasxu,vnncomp2023_benchmarks/benchmarks/acasxu/onnx/ACASXU_run2a_3_5_batch_2000.onnx,vnncomp2023_benchmarks/benchmarks/acasxu/vnnlib/prop_3.vnnlib,23.83904274,unsat,1.518,unsat
acasxu,vnncomp2023_benchmarks/benchmarks/acasxu/onnx/ACASXU_run2a_3_6_batch_2000.onnx,vnncomp2023_benchmarks/benchmarks/acasxu/vnnlib/prop_3.vnnlib,24.11957363,unsat,2.8253,unsat
acasxu,vnncomp2023_benchmarks/benchmarks/acasxu/onnx/ACASXU_run2a_3_7_batch_2000.onnx,vnncomp2023_benchmarks/benchmarks/acasxu/vnnlib/prop_3.vnnlib,23.28310566,unsat,1.3589,unsat
acasxu,vnncomp2023_benchmarks/benchmarks/acasxu/onnx/ACASXU_run2a_3_8_batch_2000.onnx,vnncomp2023_benchmarks/benchmarks/acasxu/vnnlib/prop_3.vnnlib,23.85588201,unsat,1.4057,unsat
acasxu,vnncomp2023_benchmarks/benchmarks/acasxu/onnx/ACASXU_run2a_3_9_batch_2000.onnx,vnncomp2023_benchmarks/benchmarks/acasxu/vnnlib/prop_3.vnnlib,23.87841993,unsat,3.2231,unsat
acasxu,vnncomp2023_benchmarks/benchmarks/acasxu/onnx/ACASXU_run2a_4_1_batch_2000.onnx,vnncomp2023_benchmarks/benchmarks/acasxu/vnnlib/prop_3.vnnlib,23.74160521,unsat,33.0074,unsat
acasxu,vnncomp2023_benchmarks/benchmarks/acasxu/onnx/ACASXU_run2a_4_2_batch_2000.onnx,vnncomp2023_benchmarks/benchmarks/acasxu/vnnlib/prop_3.vnnlib,24.06955643,unsat,36.9139,unsat
acasxu,vnncomp2023_benchmarks/benchmarks/acasxu/onnx/ACASXU_run2a_4_3_batch_2000.onnx,vnncomp2023_benchmarks/benchmarks/acasxu/vnnlib/prop_3.vnnlib,24.51657945,unsat,37.1862,unsat
acasxu,vnncomp2023_benchmarks/benchmarks/acasxu/onnx/ACASXU_run2a_4_4_batch_2000.onnx,vnncomp2023_benchmarks/benchmarks/acasxu/vnnlib/prop_3.vnnlib,24.05389767,unsat,1.5331,unsat
acasxu,vnncomp2023_benchmarks/benchmarks/acasxu/onnx/ACASXU_run2a_4_5_batch_2000.onnx,vnncomp2023_benchmarks/benchmarks/acasxu/vnnlib/prop_3.vnnlib,23.54657755,unsat,1.3493,unsat
acasxu,vnncomp2023_benchmarks/benchmarks/acasxu/onnx/ACASXU_run2a_4_6_batch_2000.onnx,vnncomp2023_benchmarks/benchmarks/acasxu/vnnlib/prop_3.vnnlib,24.12652291,unsat,1.5138,unsat
acasxu,vnncomp2023_benchmarks/benchmarks/acasxu/onnx/ACASXU_run2a_4_7_batch_2000.onnx,vnncomp2023_benchmarks/benchmarks/acasxu/vnnlib/prop_3.vnnlib,24.12921664,unsat,1.5095,unsat
acasxu,vnncomp2023_benchmarks/benchmarks/acasxu/onnx/ACASXU_run2a_4_8_batch_2000.onnx,vnncomp2023_benchmarks/benchmarks/acasxu/vnnlib/prop_3.vnnlib,23.34278095,unsat,1.3449,unsat
acasxu,vnncomp2023_benchmarks/benchmarks/acasxu/onnx/ACASXU_run2a_4_9_batch_2000.onnx,vnncomp2023_benchmarks/benchmarks/acasxu/vnnlib/prop_3.vnnlib,24.56453213,unsat,2.4079,unsat
acasxu,vnncomp2023_benchmarks/benchmarks/acasxu/onnx/ACASXU_run2a_5_1_batch_2000.onnx,vnncomp2023_benchmarks/benchmarks/acasxu/vnnlib/prop_3.vnnlib,24.14848855,unsat,37.1973,unsat
acasxu,vnncomp2023_benchmarks/benchmarks/acasxu/onnx/ACASXU_run2a_5_2_batch_2000.onnx,vnncomp2023_benchmarks/benchmarks/acasxu/vnnlib/prop_3.vnnlib,24.03790792,unsat,29.2594,unsat
acasxu,vnncomp2023_benchmarks/benchmarks/acasxu/onnx/ACASXU_run2a_5_3_batch_2000.onnx,vnncomp2023_benchmarks/benchmarks/acasxu/vnnlib/prop_3.vnnlib,24.148747,unsat,1.5374,unsat
acasxu,vnncomp2023_benchmarks/benchmarks/acasxu/onnx/ACASXU_run2a_5_4_batch_2000.onnx,vnncomp2023_benchmarks/benchmarks/acasxu/vnnlib/prop_3.vnnlib,24.12596479,unsat,1.5466,unsat
acasxu,vnncomp2023_benchmarks/benchmarks/acasxu/onnx/ACASXU_run2a_5_5_batch_2000.onnx,vnncomp2023_benchmarks/benchmarks/acasxu/vnnlib/prop_3.vnnlib,24.09691363,unsat,1.4998,unsat
acasxu,vnncomp2023_benchmarks/benchmarks/acasxu/onnx/ACASXU_run2a_5_6_batch_2000.onnx,vnncomp2023_benchmarks/benchmarks/acasxu/vnnlib/prop_3.vnnlib,23.85869243,unsat,1.482,unsat
acasxu,vnncomp2023_benchmarks/benchmarks/acasxu/onnx/ACASXU_run2a_5_7_batch_2000.onnx,vnncomp2023_benchmarks/benchmarks/acasxu/vnnlib/prop_3.vnnlib,23.51137508,unsat,1.3505,unsat
acasxu,vnncomp2023_benchmarks/benchmarks/acasxu/onnx/ACASXU_run2a_5_8_batch_2000.onnx,vnncomp2023_benchmarks/benchmarks/acasxu/vnnlib/prop_3.vnnlib,23.91519677,unsat,1.5236,unsat
acasxu,vnncomp2023_benchmarks/benchmarks/acasxu/onnx/ACASXU_run2a_5_9_batch_2000.onnx,vnncomp2023_benchmarks/benchmarks/acasxu/vnnlib/prop_3.vnnlib,24.17423948,unsat,1.4455,unsat
acasxu,vnncomp2023_benchmarks/benchmarks/acasxu/onnx/ACASXU_run2a_1_1_batch_2000.onnx,vnncomp2023_benchmarks/benchmarks/acasxu/vnnlib/prop_4.vnnlib,24.13315723,unsat,461.1725,timeout
acasxu,vnncomp2023_benchmarks/benchmarks/acasxu/onnx/ACASXU_run2a_1_2_batch_2000.onnx,vnncomp2023_benchmarks/benchmarks/acasxu/vnnlib/prop_4.vnnlib,24.08717192,unsat,44.9364,unsat
acasxu,vnncomp2023_benchmarks/benchmarks/acasxu/onnx/ACASXU_run2a_1_3_batch_2000.onnx,vnncomp2023_benchmarks/benchmarks/acasxu/vnnlib/prop_4.vnnlib,24.05040375,unsat,53.221,unsat
acasxu,vnncomp2023_benchmarks/benchmarks/acasxu/onnx/ACASXU_run2a_1_4_batch_2000.onnx,vnncomp2023_benchmarks/benchmarks/acasxu/vnnlib/prop_4.vnnlib,24.21129925,unsat,2.1868,unsat
acasxu,vnncomp2023_benchmarks/benchmarks/acasxu/onnx/ACASXU_run2a_1_5_batch_2000.onnx,vnncomp2023_benchmarks/benchmarks/acasxu/vnnlib/prop_4.vnnlib,23.93551832,unsat,2.926,unsat
acasxu,vnncomp2023_benchmarks/benchmarks/acasxu/onnx/ACASXU_run2a_1_6_batch_2000.onnx,vnncomp2023_benchmarks/benchmarks/acasxu/vnnlib/prop_4.vnnlib,23.76035349,unsat,1.4895,unsat
acasxu,vnncomp2023_benchmarks/benchmarks/acasxu/onnx/ACASXU_run2a_1_7_batch_2000.onnx,vnncomp2023_benchmarks/benchmarks/acasxu/vnnlib/prop_4.vnnlib,22.66621733,sat,0.0114,sat
acasxu,vnncomp2023_benchmarks/benchmarks/acasxu/onnx/ACASXU_run2a_1_8_batch_2000.onnx,vnncomp2023_benchmarks/benchmarks/acasxu/vnnlib/prop_4.vnnlib,22.66375186,sat,0.0115,sat
acasxu,vnncomp2023_benchmarks/benchmarks/acasxu/onnx/ACASXU_run2a_1_9_batch_2000.onnx,vnncomp2023_benchmarks/benchmarks/acasxu/vnnlib/prop_4.vnnlib,22.7463406,sat,0.0099,sat
acasxu,vnncomp2023_benchmarks/benchmarks/acasxu/onnx/ACASXU_run2a_2_1_batch_2000.onnx,vnncomp2023_benchmarks/benchmarks/acasxu/vnnlib/prop_4.vnnlib,24.12143455,unsat,1.4854,unsat
acasxu,vnncomp2023_benchmarks/benchmarks/acasxu/onnx/ACASXU_run2a_2_2_batch_2000.onnx,vnncomp2023_benchmarks/benchmarks/acasxu/vnnlib/prop_4.vnnlib,24.10743018,unsat,1.4912,unsat
acasxu,vnncomp2023_benchmarks/benchmarks/acasxu/onnx/ACASXU_run2a_2_3_batch_2000.onnx,vnncomp2023_benchmarks/benchmarks/acasxu/vnnlib/prop_4.vnnlib,23.87158103,unsat,1.5468,unsat
acasxu,vnncomp2023_benchmarks/benchmarks/acasxu/onnx/ACASXU_run2a_2_4_batch_2000.onnx,vnncomp2023_benchmarks/benchmarks/acasxu/vnnlib/prop_4.vnnlib,24.12498442,unsat,1.4747,unsat
acasxu,vnncomp2023_benchmarks/benchmarks/acasxu/onnx/ACASXU_run2a_2_5_batch_2000.onnx,vnncomp2023_benchmarks/benchmarks/acasxu/vnnlib/prop_4.vnnlib,24.11387688,unsat,1.5005,unsat
acasxu,vnncomp2023_benchmarks/benchmarks/acasxu/onnx/ACASXU_run2a_2_6_batch_2000.onnx,vnncomp2023_benchmarks/benchmarks/acasxu/vnnlib/prop_4.vnnlib,24.07604509,unsat,1.6542,unsat
acasxu,vnncomp2023_benchmarks/benchmarks/acasxu/onnx/ACASXU_run2a_2_7_batch_2000.onnx,vnncomp2023_benchmarks/benchmarks/acasxu/vnnlib/prop_4.vnnlib,24.14178972,unsat,1.6324,unsat
acasxu,vnncomp2023_benchmarks/benchmarks/acasxu/onnx/ACASXU_run2a_2_8_batch_2000.onnx,vnncomp2023_benchmarks/benchmarks/acasxu/vnnlib/prop_4.vnnlib,24.62023735,unsat,5.5463,unsat
acasxu,vnncomp2023_benchmarks/benchmarks/acasxu/onnx/ACASXU_run2a_2_9_batch_2000.onnx,vnncomp2023_benchmarks/benchmarks/acasxu/vnnlib/prop_4.vnnlib,23.29953084,unsat,1.3693,unsat
acasxu,vnncomp2023_benchmarks/benchmarks/acasxu/onnx/ACASXU_run2a_3_1_batch_2000.onnx,vnncomp2023_benchmarks/benchmarks/acasxu/vnnlib/prop_4.vnnlib,24.2117847,unsat,1.5579,unsat
acasxu,vnncomp2023_benchmarks/benchmarks/acasxu/onnx/ACASXU_run2a_3_2_batch_2000.onnx,vnncomp2023_benchmarks/benchmarks/acasxu/vnnlib/prop_4.vnnlib,24.18278534,unsat,3.1243,unsat
acasxu,vnncomp2023_benchmarks/benchmarks/acasxu/onnx/ACASXU_run2a_3_3_batch_2000.onnx,vnncomp2023_benchmarks/benchmarks/acasxu/vnnlib/prop_4.vnnlib,23.58312923,unsat,1.3491,unsat
acasxu,vnncomp2023_benchmarks/benchmarks/acasxu/onnx/ACASXU_run2a_3_4_batch_2000.onnx,vnncomp2023_benchmarks/benchmarks/acasxu/vnnlib/prop_4.vnnlib,23.92512551,unsat,1.4809,unsat
acasxu,vnncomp2023_benchmarks/benchmarks/acasxu/onnx/ACASXU_run2a_3_5_batch_2000.onnx,vnncomp2023_benchmarks/benchmarks/acasxu/vnnlib/prop_4.vnnlib,24.18231068,unsat,1.3244,unsat
acasxu,vnncomp2023_benchmarks/benchmarks/acasxu/onnx/ACASXU_run2a_3_6_batch_2000.onnx,vnncomp2023_benchmarks/benchmarks/acasxu/vnnlib/prop_4.vnnlib,24.49360413,unsat,1.5428,unsat
acasxu,vnncomp2023_benchmarks/benchmarks/acasxu/onnx/ACASXU_run2a_3_7_batch_2000.onnx,vnncomp2023_benchmarks/benchmarks/acasxu/vnnlib/prop_4.vnnlib,24.12803576,unsat,1.5246,unsat
acasxu,vnncomp2023_benchmarks/benchmarks/acasxu/onnx/ACASXU_run2a_3_8_batch_2000.onnx,vnncomp2023_benchmarks/benchmarks/acasxu/vnnlib/prop_4.vnnlib,24.13964257,unsat,4.5952,unsat
acasxu,vnncomp2023_benchmarks/benchmarks/acasxu/onnx/ACASXU_run2a_3_9_batch_2000.onnx,vnncomp2023_benchmarks/benchmarks/acasxu/vnnlib/prop_4.vnnlib,24.0694201,unsat,1.5255,unsat
acasxu,vnncomp2023_benchmarks/benchmarks/acasxu/onnx/ACASXU_run2a_4_1_batch_2000.onnx,vnncomp2023_benchmarks/benchmarks/acasxu/vnnlib/prop_4.vnnlib,23.26651528,unsat,1.3363,unsat
acasxu,vnncomp2023_benchmarks/benchmarks/acasxu/onnx/ACASXU_run2a_4_2_batch_2000.onnx,vnncomp2023_benchmarks/benchmarks/acasxu/vnnlib/prop_4.vnnlib,24.51403702,unsat,1.5876,unsat
acasxu,vnncomp2023_benchmarks/benchmarks/acasxu/onnx/ACASXU_run2a_4_3_batch_2000.onnx,vnncomp2023_benchmarks/benchmarks/acasxu/vnnlib/prop_4.vnnlib,24.13778308,unsat,1.4799,unsat
acasxu,vnncomp2023_benchmarks/benchmarks/acasxu/onnx/ACASXU_run2a_4_4_batch_2000.onnx,vnncomp2023_benchmarks/benchmarks/acasxu/vnnlib/prop_4.vnnlib,24.15794508,unsat,1.6419,unsat
acasxu,vnncomp2023_benchmarks/benchmarks/acasxu/onnx/ACASXU_run2a_4_5_batch_2000.onnx,vnncomp2023_benchmarks/benchmarks/acasxu/vnnlib/prop_4.vnnlib,24.10905317,unsat,1.5272,unsat
acasxu,vnncomp2023_benchmarks/benchmarks/acasxu/onnx/ACASXU_run2a_4_6_batch_2000.onnx,vnncomp2023_benchmarks/benchmarks/acasxu/vnnlib/prop_4.vnnlib,24.13116233,unsat,1.4318,unsat
acasxu,vnncomp2023_benchmarks/benchmarks/acasxu/onnx/ACASXU_run2a_4_7_batch_2000.onnx,vnncomp2023_benchmarks/benchmarks/acasxu/vnnlib/prop_4.vnnlib,23.85411253,unsat,1.5262,unsat
acasxu,vnncomp2023_benchmarks/benchmarks/acasxu/onnx/ACASXU_run2a_4_8_batch_2000.onnx,vnncomp2023_benchmarks/benchmarks/acasxu/vnnlib/prop_4.vnnlib,24.18940762,unsat,1.4675,unsat
acasxu,vnncomp2023_benchmarks/benchmarks/acasxu/onnx/ACASXU_run2a_4_9_batch_2000.onnx,vnncomp2023_benchmarks/benchmarks/acasxu/vnnlib/prop_4.vnnlib,24.21055346,unsat,1.5349,unsat
acasxu,vnncomp2023_benchmarks/benchmarks/acasxu/onnx/ACASXU_run2a_5_1_batch_2000.onnx,vnncomp2023_benchmarks/benchmarks/acasxu/vnnlib/prop_4.vnnlib,24.14291231,unsat,1.5388,unsat
acasxu,vnncomp2023_benchmarks/benchmarks/acasxu/onnx/ACASXU_run2a_5_2_batch_2000.onnx,vnncomp2023_benchmarks/benchmarks/acasxu/vnnlib/prop_4.vnnlib,24.14354942,unsat,1.5323,unsat
acasxu,vnncomp2023_benchmarks/benchmarks/acasxu/onnx/ACASXU_run2a_5_3_batch_2000.onnx,vnncomp2023_benchmarks/benchmarks/acasxu/vnnlib/prop_4.vnnlib,24.16516652,unsat,1.5235,unsat
acasxu,vnncomp2023_benchmarks/benchmarks/acasxu/onnx/ACASXU_run2a_5_4_batch_2000.onnx,vnncomp2023_benchmarks/benchmarks/acasxu/vnnlib/prop_4.vnnlib,23.9295589,unsat,1.5276,unsat
acasxu,vnncomp2023_benchmarks/benchmarks/acasxu/onnx/ACASXU_run2a_5_5_batch_2000.onnx,vnncomp2023_benchmarks/benchmarks/acasxu/vnnlib/prop_4.vnnlib,24.0960084,unsat,5.3974,unsat
acasxu,vnncomp2023_benchmarks/benchmarks/acasxu/onnx/ACASXU_run2a_5_6_batch_2000.onnx,vnncomp2023_benchmarks/benchmarks/acasxu/vnnlib/prop_4.vnnlib,23.22053597,unsat,1.3462,unsat
acasxu,vnncomp2023_benchmarks/benchmarks/acasxu/onnx/ACASXU_run2a_5_7_batch_2000.onnx,vnncomp2023_benchmarks/benchmarks/acasxu/vnnlib/prop_4.vnnlib,23.58305923,unsat,1.3877,unsat
acasxu,vnncomp2023_benchmarks/benchmarks/acasxu/onnx/ACASXU_run2a_5_8_batch_2000.onnx,vnncomp2023_benchmarks/benchmarks/acasxu/vnnlib/prop_4.vnnlib,24.22031167,unsat,1.5303,unsat
acasxu,vnncomp2023_benchmarks/benchmarks/acasxu/onnx/ACASXU_run2a_5_9_batch_2000.onnx,vnncomp2023_benchmarks/benchmarks/acasxu/vnnlib/prop_4.vnnlib,23.90154979,unsat,1.5048,unsat
acasxu,vnncomp2023_benchmarks/benchmarks/acasxu/onnx/ACASXU_run2a_1_1_batch_2000.onnx,vnncomp2023_benchmarks/benchmarks/acasxu/vnnlib/prop_5.vnnlib,24.75704981,unsat,119.2234,timeout
acasxu,vnncomp2023_benchmarks/benchmarks/acasxu/onnx/ACASXU_run2a_1_1_batch_2000.onnx,vnncomp2023_benchmarks/benchmarks/acasxu/vnnlib/prop_6.vnnlib,24.83139657,unsat,3492.9951,timeout
acasxu,vnncomp2023_benchmarks/benchmarks/acasxu/onnx/ACASXU_run2a_1_9_batch_2000.onnx,vnncomp2023_benchmarks/benchmarks/acasxu/vnnlib/prop_7.vnnlib,24.46350393,sat,2.2985,sat
acasxu,vnncomp2023_benchmarks/benchmarks/acasxu/onnx/ACASXU_run2a_2_9_batch_2000.onnx,vnncomp2023_benchmarks/benchmarks/acasxu/vnnlib/prop_8.vnnlib,22.69270107,sat,0.0486,sat
acasxu,vnncomp2023_benchmarks/benchmarks/acasxu/onnx/ACASXU_run2a_3_3_batch_2000.onnx,vnncomp2023_benchmarks/benchmarks/acasxu/vnnlib/prop_9.vnnlib,24.76820589,unsat,116.1917,timeout
acasxu,vnncomp2023_benchmarks/benchmarks/acasxu/onnx/ACASXU_run2a_4_5_batch_2000.onnx,vnncomp2023_benchmarks/benchmarks/acasxu/vnnlib/prop_10.vnnlib,24.71375396,unsat,117.0728,timeout
