Benchmark,ONNX,VNNLIB,,Competiton results 2023,,NeuralSat 2024,
acasxu,vnncomp2023_benchmarks/benchmarks/acasxu/onnx/ACASXU_run2a_1_1_batch_2000.onnx,vnncomp2023_benchmarks/benchmarks/acasxu/vnnlib/prop_1.vnnlib,0.003397921,6.874818852,unsat,2.7358,unsat
acasxu,vnncomp2023_benchmarks/benchmarks/acasxu/onnx/ACASXU_run2a_1_2_batch_2000.onnx,vnncomp2023_benchmarks/benchmarks/acasxu/vnnlib/prop_1.vnnlib,0.00332302,6.798511393,unsat,2.6942,unsat
acasxu,vnncomp2023_benchmarks/benchmarks/acasxu/onnx/ACASXU_run2a_1_3_batch_2000.onnx,vnncomp2023_benchmarks/benchmarks/acasxu/vnnlib/prop_1.vnnlib,0.003390521,6.86692973,unsat,2.7648,unsat
acasxu,vnncomp2023_benchmarks/benchmarks/acasxu/onnx/ACASXU_run2a_1_4_batch_2000.onnx,vnncomp2023_benchmarks/benchmarks/acasxu/vnnlib/prop_1.vnnlib,0.003391521,6.803595826,unsat,2.7095,unsat
acasxu,vnncomp2023_benchmarks/benchmarks/acasxu/onnx/ACASXU_run2a_1_5_batch_2000.onnx,vnncomp2023_benchmarks/benchmarks/acasxu/vnnlib/prop_1.vnnlib,0.003345571,6.785512522,unsat,2.6734,unsat
acasxu,vnncomp2023_benchmarks/benchmarks/acasxu/onnx/ACASXU_run2a_1_6_batch_2000.onnx,vnncomp2023_benchmarks/benchmarks/acasxu/vnnlib/prop_1.vnnlib,0.00324997,6.787454238,unsat,2.7022,unsat
acasxu,vnncomp2023_benchmarks/benchmarks/acasxu/onnx/ACASXU_run2a_1_7_batch_2000.onnx,vnncomp2023_benchmarks/benchmarks/acasxu/vnnlib/prop_1.vnnlib,0.003531624,6.815236755,unsat,2.6431,unsat
acasxu,vnncomp2023_benchmarks/benchmarks/acasxu/onnx/ACASXU_run2a_1_8_batch_2000.onnx,vnncomp2023_benchmarks/benchmarks/acasxu/vnnlib/prop_1.vnnlib,0.003346941,6.784700733,unsat,2.6224,unsat
acasxu,vnncomp2023_benchmarks/benchmarks/acasxu/onnx/ACASXU_run2a_1_9_batch_2000.onnx,vnncomp2023_benchmarks/benchmarks/acasxu/vnnlib/prop_1.vnnlib,0.003391683,6.766578488,unsat,2.5933,unsat
acasxu,vnncomp2023_benchmarks/benchmarks/acasxu/onnx/ACASXU_run2a_2_1_batch_2000.onnx,vnncomp2023_benchmarks/benchmarks/acasxu/vnnlib/prop_1.vnnlib,0.003298081,6.790450495,unsat,2.6691,unsat
acasxu,vnncomp2023_benchmarks/benchmarks/acasxu/onnx/ACASXU_run2a_2_2_batch_2000.onnx,vnncomp2023_benchmarks/benchmarks/acasxu/vnnlib/prop_1.vnnlib,0.003297541,6.930772378,unsat,2.8765,unsat
acasxu,vnncomp2023_benchmarks/benchmarks/acasxu/onnx/ACASXU_run2a_2_3_batch_2000.onnx,vnncomp2023_benchmarks/benchmarks/acasxu/vnnlib/prop_1.vnnlib,0.003476185,6.802694357,unsat,2.7156,unsat
acasxu,vnncomp2023_benchmarks/benchmarks/acasxu/onnx/ACASXU_run2a_2_4_batch_2000.onnx,vnncomp2023_benchmarks/benchmarks/acasxu/vnnlib/prop_1.vnnlib,0.00319057,6.842064108,unsat,2.727,unsat
acasxu,vnncomp2023_benchmarks/benchmarks/acasxu/onnx/ACASXU_run2a_2_5_batch_2000.onnx,vnncomp2023_benchmarks/benchmarks/acasxu/vnnlib/prop_1.vnnlib,0.003191198,6.987282392,unsat,3.0921,unsat
acasxu,vnncomp2023_benchmarks/benchmarks/acasxu/onnx/ACASXU_run2a_2_6_batch_2000.onnx,vnncomp2023_benchmarks/benchmarks/acasxu/vnnlib/prop_1.vnnlib,0.003318051,7.00761755,unsat,2.9667,unsat
acasxu,vnncomp2023_benchmarks/benchmarks/acasxu/onnx/ACASXU_run2a_2_7_batch_2000.onnx,vnncomp2023_benchmarks/benchmarks/acasxu/vnnlib/prop_1.vnnlib,0.003196329,7.040670569,unsat,4.1079,unsat
acasxu,vnncomp2023_benchmarks/benchmarks/acasxu/onnx/ACASXU_run2a_2_8_batch_2000.onnx,vnncomp2023_benchmarks/benchmarks/acasxu/vnnlib/prop_1.vnnlib,0.00320266,7.074800016,unsat,3.7294,unsat
acasxu,vnncomp2023_benchmarks/benchmarks/acasxu/onnx/ACASXU_run2a_2_9_batch_2000.onnx,vnncomp2023_benchmarks/benchmarks/acasxu/vnnlib/prop_1.vnnlib,0.003283781,7.052917711,unsat,4.2479,unsat
acasxu,vnncomp2023_benchmarks/benchmarks/acasxu/onnx/ACASXU_run2a_3_1_batch_2000.onnx,vnncomp2023_benchmarks/benchmarks/acasxu/vnnlib/prop_1.vnnlib,0.003252319,6.801194852,unsat,2.8054,unsat
acasxu,vnncomp2023_benchmarks/benchmarks/acasxu/onnx/ACASXU_run2a_3_2_batch_2000.onnx,vnncomp2023_benchmarks/benchmarks/acasxu/vnnlib/prop_1.vnnlib,0.003241719,6.803763116,unsat,2.7996,unsat
acasxu,vnncomp2023_benchmarks/benchmarks/acasxu/onnx/ACASXU_run2a_3_3_batch_2000.onnx,vnncomp2023_benchmarks/benchmarks/acasxu/vnnlib/prop_1.vnnlib,0.003517113,6.844925788,unsat,2.7811,unsat
acasxu,vnncomp2023_benchmarks/benchmarks/acasxu/onnx/ACASXU_run2a_3_4_batch_2000.onnx,vnncomp2023_benchmarks/benchmarks/acasxu/vnnlib/prop_1.vnnlib,0.003493704,6.870718584,unsat,2.7761,unsat
acasxu,vnncomp2023_benchmarks/benchmarks/acasxu/onnx/ACASXU_run2a_3_5_batch_2000.onnx,vnncomp2023_benchmarks/benchmarks/acasxu/vnnlib/prop_1.vnnlib,0.00321701,6.99111683,unsat,2.9928,unsat
acasxu,vnncomp2023_benchmarks/benchmarks/acasxu/onnx/ACASXU_run2a_3_6_batch_2000.onnx,vnncomp2023_benchmarks/benchmarks/acasxu/vnnlib/prop_1.vnnlib,0.003340931,7.030178427,unsat,3.2297,unsat
acasxu,vnncomp2023_benchmarks/benchmarks/acasxu/onnx/ACASXU_run2a_3_7_batch_2000.onnx,vnncomp2023_benchmarks/benchmarks/acasxu/vnnlib/prop_1.vnnlib,0.003204779,7.043062033,unsat,3.4905,unsat
acasxu,vnncomp2023_benchmarks/benchmarks/acasxu/onnx/ACASXU_run2a_3_8_batch_2000.onnx,vnncomp2023_benchmarks/benchmarks/acasxu/vnnlib/prop_1.vnnlib,0.003314711,7.077687591,unsat,3.617,unsat
acasxu,vnncomp2023_benchmarks/benchmarks/acasxu/onnx/ACASXU_run2a_3_9_batch_2000.onnx,vnncomp2023_benchmarks/benchmarks/acasxu/vnnlib/prop_1.vnnlib,0.00331666,7.202507382,unsat,7.2497,unsat
acasxu,vnncomp2023_benchmarks/benchmarks/acasxu/onnx/ACASXU_run2a_4_1_batch_2000.onnx,vnncomp2023_benchmarks/benchmarks/acasxu/vnnlib/prop_1.vnnlib,0.003470402,6.992058734,unsat,2.9984,unsat
acasxu,vnncomp2023_benchmarks/benchmarks/acasxu/onnx/ACASXU_run2a_4_2_batch_2000.onnx,vnncomp2023_benchmarks/benchmarks/acasxu/vnnlib/prop_1.vnnlib,0.003420082,6.812212642,unsat,2.7337,unsat
acasxu,vnncomp2023_benchmarks/benchmarks/acasxu/onnx/ACASXU_run2a_4_3_batch_2000.onnx,vnncomp2023_benchmarks/benchmarks/acasxu/vnnlib/prop_1.vnnlib,0.00327877,6.808787206,unsat,2.7783,unsat
acasxu,vnncomp2023_benchmarks/benchmarks/acasxu/onnx/ACASXU_run2a_4_4_batch_2000.onnx,vnncomp2023_benchmarks/benchmarks/acasxu/vnnlib/prop_1.vnnlib,0.00321496,6.872378957,unsat,2.7705,unsat
acasxu,vnncomp2023_benchmarks/benchmarks/acasxu/onnx/ACASXU_run2a_4_5_batch_2000.onnx,vnncomp2023_benchmarks/benchmarks/acasxu/vnnlib/prop_1.vnnlib,0.003227531,6.982043864,unsat,2.9445,unsat
acasxu,vnncomp2023_benchmarks/benchmarks/acasxu/onnx/ACASXU_run2a_4_6_batch_2000.onnx,vnncomp2023_benchmarks/benchmarks/acasxu/vnnlib/prop_1.vnnlib,0.003365342,7.116284364,unsat,4.3832,unsat
acasxu,vnncomp2023_benchmarks/benchmarks/acasxu/onnx/ACASXU_run2a_4_7_batch_2000.onnx,vnncomp2023_benchmarks/benchmarks/acasxu/vnnlib/prop_1.vnnlib,0.003454953,7.106526498,unsat,5.07,unsat
acasxu,vnncomp2023_benchmarks/benchmarks/acasxu/onnx/ACASXU_run2a_4_8_batch_2000.onnx,vnncomp2023_benchmarks/benchmarks/acasxu/vnnlib/prop_1.vnnlib,0.00321063,7.074409067,unsat,4.1431,unsat
acasxu,vnncomp2023_benchmarks/benchmarks/acasxu/onnx/ACASXU_run2a_4_9_batch_2000.onnx,vnncomp2023_benchmarks/benchmarks/acasxu/vnnlib/prop_1.vnnlib,0.003451123,7.119954553,unsat,6.6277,unsat
acasxu,vnncomp2023_benchmarks/benchmarks/acasxu/onnx/ACASXU_run2a_5_1_batch_2000.onnx,vnncomp2023_benchmarks/benchmarks/acasxu/vnnlib/prop_1.vnnlib,0.00324844,6.809274549,unsat,2.7253,unsat
acasxu,vnncomp2023_benchmarks/benchmarks/acasxu/onnx/ACASXU_run2a_5_2_batch_2000.onnx,vnncomp2023_benchmarks/benchmarks/acasxu/vnnlib/prop_1.vnnlib,0.003408842,6.845427305,unsat,2.8021,unsat
acasxu,vnncomp2023_benchmarks/benchmarks/acasxu/onnx/ACASXU_run2a_5_3_batch_2000.onnx,vnncomp2023_benchmarks/benchmarks/acasxu/vnnlib/prop_1.vnnlib,0.003339951,6.822228819,unsat,2.7146,unsat
acasxu,vnncomp2023_benchmarks/benchmarks/acasxu/onnx/ACASXU_run2a_5_4_batch_2000.onnx,vnncomp2023_benchmarks/benchmarks/acasxu/vnnlib/prop_1.vnnlib,0.003387552,6.833806754,unsat,2.7217,unsat
acasxu,vnncomp2023_benchmarks/benchmarks/acasxu/onnx/ACASXU_run2a_5_5_batch_2000.onnx,vnncomp2023_benchmarks/benchmarks/acasxu/vnnlib/prop_1.vnnlib,0.003312951,6.933067086,unsat,2.9305,unsat
acasxu,vnncomp2023_benchmarks/benchmarks/acasxu/onnx/ACASXU_run2a_5_6_batch_2000.onnx,vnncomp2023_benchmarks/benchmarks/acasxu/vnnlib/prop_1.vnnlib,0.003388052,7.011609576,unsat,3.2292,unsat
acasxu,vnncomp2023_benchmarks/benchmarks/acasxu/onnx/ACASXU_run2a_5_7_batch_2000.onnx,vnncomp2023_benchmarks/benchmarks/acasxu/vnnlib/prop_1.vnnlib,0.00330685,7.008806392,unsat,3.3661,unsat
acasxu,vnncomp2023_benchmarks/benchmarks/acasxu/onnx/ACASXU_run2a_5_8_batch_2000.onnx,vnncomp2023_benchmarks/benchmarks/acasxu/vnnlib/prop_1.vnnlib,0.0032765,7.093631567,unsat,4.5395,unsat
acasxu,vnncomp2023_benchmarks/benchmarks/acasxu/onnx/ACASXU_run2a_5_9_batch_2000.onnx,vnncomp2023_benchmarks/benchmarks/acasxu/vnnlib/prop_1.vnnlib,0.003380511,7.003117314,unsat,3.6613,unsat
acasxu,vnncomp2023_benchmarks/benchmarks/acasxu/onnx/ACASXU_run2a_1_1_batch_2000.onnx,vnncomp2023_benchmarks/benchmarks/acasxu/vnnlib/prop_2.vnnlib,0.003342631,7.245569366,unsat,7.6115,unsat
acasxu,vnncomp2023_benchmarks/benchmarks/acasxu/onnx/ACASXU_run2a_1_2_batch_2000.onnx,vnncomp2023_benchmarks/benchmarks/acasxu/vnnlib/prop_2.vnnlib,0.003323711,8.058454315,sat,1.4897,sat
acasxu,vnncomp2023_benchmarks/benchmarks/acasxu/onnx/ACASXU_run2a_1_3_batch_2000.onnx,vnncomp2023_benchmarks/benchmarks/acasxu/vnnlib/prop_2.vnnlib,0.00330896,8.345955223,sat,1.9701,sat
acasxu,vnncomp2023_benchmarks/benchmarks/acasxu/onnx/ACASXU_run2a_1_4_batch_2000.onnx,vnncomp2023_benchmarks/benchmarks/acasxu/vnnlib/prop_2.vnnlib,0.003375652,7.784150464,sat,0.1761,sat
acasxu,vnncomp2023_benchmarks/benchmarks/acasxu/onnx/ACASXU_run2a_1_5_batch_2000.onnx,vnncomp2023_benchmarks/benchmarks/acasxu/vnnlib/prop_2.vnnlib,0.003342972,9.091277316,sat,14.8341,sat
acasxu,vnncomp2023_benchmarks/benchmarks/acasxu/onnx/ACASXU_run2a_1_6_batch_2000.onnx,vnncomp2023_benchmarks/benchmarks/acasxu/vnnlib/prop_2.vnnlib,0.003219479,7.758049788,sat,0.169,sat
acasxu,vnncomp2023_benchmarks/benchmarks/acasxu/onnx/ACASXU_run2a_1_7_batch_2000.onnx,vnncomp2023_benchmarks/benchmarks/acasxu/vnnlib/prop_2.vnnlib,0.003328101,6.999876345,unsat,3.7479,unsat
acasxu,vnncomp2023_benchmarks/benchmarks/acasxu/onnx/ACASXU_run2a_1_8_batch_2000.onnx,vnncomp2023_benchmarks/benchmarks/acasxu/vnnlib/prop_2.vnnlib,0.00327737,6.994088809,unsat,4.2704,unsat
acasxu,vnncomp2023_benchmarks/benchmarks/acasxu/onnx/ACASXU_run2a_1_9_batch_2000.onnx,vnncomp2023_benchmarks/benchmarks/acasxu/vnnlib/prop_2.vnnlib,0.003209789,7.001774215,unsat,4.0428,unsat
acasxu,vnncomp2023_benchmarks/benchmarks/acasxu/onnx/ACASXU_run2a_2_1_batch_2000.onnx,vnncomp2023_benchmarks/benchmarks/acasxu/vnnlib/prop_2.vnnlib,0.00330185,3.708132292,sat,0.1076,sat
acasxu,vnncomp2023_benchmarks/benchmarks/acasxu/onnx/ACASXU_run2a_2_2_batch_2000.onnx,vnncomp2023_benchmarks/benchmarks/acasxu/vnnlib/prop_2.vnnlib,0.003244609,3.686122742,sat,0.0953,sat
acasxu,vnncomp2023_benchmarks/benchmarks/acasxu/onnx/ACASXU_run2a_2_3_batch_2000.onnx,vnncomp2023_benchmarks/benchmarks/acasxu/vnnlib/prop_2.vnnlib,0.003245729,3.685765006,sat,0.0988,sat
acasxu,vnncomp2023_benchmarks/benchmarks/acasxu/onnx/ACASXU_run2a_2_4_batch_2000.onnx,vnncomp2023_benchmarks/benchmarks/acasxu/vnnlib/prop_2.vnnlib,0.00327082,3.73744489,sat,0.1021,sat
acasxu,vnncomp2023_benchmarks/benchmarks/acasxu/onnx/ACASXU_run2a_2_5_batch_2000.onnx,vnncomp2023_benchmarks/benchmarks/acasxu/vnnlib/prop_2.vnnlib,0.003734117,3.719288195,sat,0.0925,sat
acasxu,vnncomp2023_benchmarks/benchmarks/acasxu/onnx/ACASXU_run2a_2_6_batch_2000.onnx,vnncomp2023_benchmarks/benchmarks/acasxu/vnnlib/prop_2.vnnlib,0.00333081,3.705104759,sat,0.0909,sat
acasxu,vnncomp2023_benchmarks/benchmarks/acasxu/onnx/ACASXU_run2a_2_7_batch_2000.onnx,vnncomp2023_benchmarks/benchmarks/acasxu/vnnlib/prop_2.vnnlib,0.003312231,3.703598354,sat,0.094,sat
acasxu,vnncomp2023_benchmarks/benchmarks/acasxu/onnx/ACASXU_run2a_2_8_batch_2000.onnx,vnncomp2023_benchmarks/benchmarks/acasxu/vnnlib/prop_2.vnnlib,0.003351891,3.699512312,sat,0.0935,sat
acasxu,vnncomp2023_benchmarks/benchmarks/acasxu/onnx/ACASXU_run2a_2_9_batch_2000.onnx,vnncomp2023_benchmarks/benchmarks/acasxu/vnnlib/prop_2.vnnlib,0.003322391,3.718238284,sat,0.093,sat
acasxu,vnncomp2023_benchmarks/benchmarks/acasxu/onnx/ACASXU_run2a_3_1_batch_2000.onnx,vnncomp2023_benchmarks/benchmarks/acasxu/vnnlib/prop_2.vnnlib,0.003204059,3.696072833,sat,0.0919,sat
acasxu,vnncomp2023_benchmarks/benchmarks/acasxu/onnx/ACASXU_run2a_3_2_batch_2000.onnx,vnncomp2023_benchmarks/benchmarks/acasxu/vnnlib/prop_2.vnnlib,0.00332159,7.767695379,sat,0.1,sat
acasxu,vnncomp2023_benchmarks/benchmarks/acasxu/onnx/ACASXU_run2a_3_3_batch_2000.onnx,vnncomp2023_benchmarks/benchmarks/acasxu/vnnlib/prop_2.vnnlib,0.00333087,119.1214306,timeout,>120,timeout
acasxu,vnncomp2023_benchmarks/benchmarks/acasxu/onnx/ACASXU_run2a_3_4_batch_2000.onnx,vnncomp2023_benchmarks/benchmarks/acasxu/vnnlib/prop_2.vnnlib,0.003367151,3.714309188,sat,0.6126,sat
acasxu,vnncomp2023_benchmarks/benchmarks/acasxu/onnx/ACASXU_run2a_3_5_batch_2000.onnx,vnncomp2023_benchmarks/benchmarks/acasxu/vnnlib/prop_2.vnnlib,0.003450703,3.718018445,sat,0.617,sat
acasxu,vnncomp2023_benchmarks/benchmarks/acasxu/onnx/ACASXU_run2a_3_6_batch_2000.onnx,vnncomp2023_benchmarks/benchmarks/acasxu/vnnlib/prop_2.vnnlib,0.003451483,3.682960681,sat,0.3172,sat
acasxu,vnncomp2023_benchmarks/benchmarks/acasxu/onnx/ACASXU_run2a_3_7_batch_2000.onnx,vnncomp2023_benchmarks/benchmarks/acasxu/vnnlib/prop_2.vnnlib,0.003310901,3.688452534,sat,0.5778,sat
acasxu,vnncomp2023_benchmarks/benchmarks/acasxu/onnx/ACASXU_run2a_3_8_batch_2000.onnx,vnncomp2023_benchmarks/benchmarks/acasxu/vnnlib/prop_2.vnnlib,0.003370651,3.814146311,sat,0.6157,sat
acasxu,vnncomp2023_benchmarks/benchmarks/acasxu/onnx/ACASXU_run2a_3_9_batch_2000.onnx,vnncomp2023_benchmarks/benchmarks/acasxu/vnnlib/prop_2.vnnlib,0.003257649,3.6927617,sat,0.4609,sat
acasxu,vnncomp2023_benchmarks/benchmarks/acasxu/onnx/ACASXU_run2a_4_1_batch_2000.onnx,vnncomp2023_benchmarks/benchmarks/acasxu/vnnlib/prop_2.vnnlib,0.00319596,3.798135077,sat,1.404,sat
acasxu,vnncomp2023_benchmarks/benchmarks/acasxu/onnx/ACASXU_run2a_4_2_batch_2000.onnx,vnncomp2023_benchmarks/benchmarks/acasxu/vnnlib/prop_2.vnnlib,0.0032565,51.0696074,unsat,>120,timeout
acasxu,vnncomp2023_benchmarks/benchmarks/acasxu/onnx/ACASXU_run2a_4_3_batch_2000.onnx,vnncomp2023_benchmarks/benchmarks/acasxu/vnnlib/prop_2.vnnlib,0.003187449,3.687144383,sat,1.0823,sat
acasxu,vnncomp2023_benchmarks/benchmarks/acasxu/onnx/ACASXU_run2a_4_4_batch_2000.onnx,vnncomp2023_benchmarks/benchmarks/acasxu/vnnlib/prop_2.vnnlib,0.003401436,3.690188252,sat,0.5719,sat
acasxu,vnncomp2023_benchmarks/benchmarks/acasxu/onnx/ACASXU_run2a_4_5_batch_2000.onnx,vnncomp2023_benchmarks/benchmarks/acasxu/vnnlib/prop_2.vnnlib,0.003285853,3.71792845,sat,1.1366,sat
acasxu,vnncomp2023_benchmarks/benchmarks/acasxu/onnx/ACASXU_run2a_4_6_batch_2000.onnx,vnncomp2023_benchmarks/benchmarks/acasxu/vnnlib/prop_2.vnnlib,0.003299233,3.691631754,sat,0.6014,sat
acasxu,vnncomp2023_benchmarks/benchmarks/acasxu/onnx/ACASXU_run2a_4_7_batch_2000.onnx,vnncomp2023_benchmarks/benchmarks/acasxu/vnnlib/prop_2.vnnlib,0.003298123,3.678186305,sat,0.8963,sat
acasxu,vnncomp2023_benchmarks/benchmarks/acasxu/onnx/ACASXU_run2a_4_8_batch_2000.onnx,vnncomp2023_benchmarks/benchmarks/acasxu/vnnlib/prop_2.vnnlib,0.003158069,3.684120938,sat,0.704,sat
acasxu,vnncomp2023_benchmarks/benchmarks/acasxu/onnx/ACASXU_run2a_4_9_batch_2000.onnx,vnncomp2023_benchmarks/benchmarks/acasxu/vnnlib/prop_2.vnnlib,0.003272511,7.760233783,sat,1.311,sat
acasxu,vnncomp2023_benchmarks/benchmarks/acasxu/onnx/ACASXU_run2a_5_1_batch_2000.onnx,vnncomp2023_benchmarks/benchmarks/acasxu/vnnlib/prop_2.vnnlib,0.003343822,3.70207359,sat,0.8706,sat
acasxu,vnncomp2023_benchmarks/benchmarks/acasxu/onnx/ACASXU_run2a_5_2_batch_2000.onnx,vnncomp2023_benchmarks/benchmarks/acasxu/vnnlib/prop_2.vnnlib,0.003203239,3.665579297,sat,1.1373,sat
acasxu,vnncomp2023_benchmarks/benchmarks/acasxu/onnx/ACASXU_run2a_5_3_batch_2000.onnx,vnncomp2023_benchmarks/benchmarks/acasxu/vnnlib/prop_2.vnnlib,0.00334047,119.6781042,timeout,>120,timeout
acasxu,vnncomp2023_benchmarks/benchmarks/acasxu/onnx/ACASXU_run2a_5_4_batch_2000.onnx,vnncomp2023_benchmarks/benchmarks/acasxu/vnnlib/prop_2.vnnlib,0.003230088,3.735096471,sat,1.3167,sat
acasxu,vnncomp2023_benchmarks/benchmarks/acasxu/onnx/ACASXU_run2a_5_5_batch_2000.onnx,vnncomp2023_benchmarks/benchmarks/acasxu/vnnlib/prop_2.vnnlib,0.003436712,3.690525974,sat,0.7192,sat
acasxu,vnncomp2023_benchmarks/benchmarks/acasxu/onnx/ACASXU_run2a_5_6_batch_2000.onnx,vnncomp2023_benchmarks/benchmarks/acasxu/vnnlib/prop_2.vnnlib,0.003385151,3.672072603,sat,1.041,sat
acasxu,vnncomp2023_benchmarks/benchmarks/acasxu/onnx/ACASXU_run2a_5_7_batch_2000.onnx,vnncomp2023_benchmarks/benchmarks/acasxu/vnnlib/prop_2.vnnlib,0.003432961,3.693559024,sat,0.7731,sat
acasxu,vnncomp2023_benchmarks/benchmarks/acasxu/onnx/ACASXU_run2a_5_8_batch_2000.onnx,vnncomp2023_benchmarks/benchmarks/acasxu/vnnlib/prop_2.vnnlib,0.003253209,3.79747462,sat,0.6921,sat
acasxu,vnncomp2023_benchmarks/benchmarks/acasxu/onnx/ACASXU_run2a_5_9_batch_2000.onnx,vnncomp2023_benchmarks/benchmarks/acasxu/vnnlib/prop_2.vnnlib,0.003271319,3.67981004,sat,0.6832,sat
acasxu,vnncomp2023_benchmarks/benchmarks/acasxu/onnx/ACASXU_run2a_1_1_batch_2000.onnx,vnncomp2023_benchmarks/benchmarks/acasxu/vnnlib/prop_3.vnnlib,0.00333512,11.5188838,unsat,>120,timeout
acasxu,vnncomp2023_benchmarks/benchmarks/acasxu/onnx/ACASXU_run2a_1_2_batch_2000.onnx,vnncomp2023_benchmarks/benchmarks/acasxu/vnnlib/prop_3.vnnlib,0.003407471,6.900680995,unsat,>120,timeout
acasxu,vnncomp2023_benchmarks/benchmarks/acasxu/onnx/ACASXU_run2a_1_3_batch_2000.onnx,vnncomp2023_benchmarks/benchmarks/acasxu/vnnlib/prop_3.vnnlib,0.003225879,7.136301948,unsat,>120,timeout
acasxu,vnncomp2023_benchmarks/benchmarks/acasxu/onnx/ACASXU_run2a_1_4_batch_2000.onnx,vnncomp2023_benchmarks/benchmarks/acasxu/vnnlib/prop_3.vnnlib,0.003463222,6.654459575,unsat,65.4989,unsat
acasxu,vnncomp2023_benchmarks/benchmarks/acasxu/onnx/ACASXU_run2a_1_5_batch_2000.onnx,vnncomp2023_benchmarks/benchmarks/acasxu/vnnlib/prop_3.vnnlib,0.00328059,5.926943879,unsat,50.8888,unsat
acasxu,vnncomp2023_benchmarks/benchmarks/acasxu/onnx/ACASXU_run2a_1_6_batch_2000.onnx,vnncomp2023_benchmarks/benchmarks/acasxu/vnnlib/prop_3.vnnlib,0.00327001,5.369189273,unsat,17.7367,unsat
acasxu,vnncomp2023_benchmarks/benchmarks/acasxu/onnx/ACASXU_run2a_1_7_batch_2000.onnx,vnncomp2023_benchmarks/benchmarks/acasxu/vnnlib/prop_3.vnnlib,0.003231109,3.700718406,sat,1.0093,sat
acasxu,vnncomp2023_benchmarks/benchmarks/acasxu/onnx/ACASXU_run2a_1_8_batch_2000.onnx,vnncomp2023_benchmarks/benchmarks/acasxu/vnnlib/prop_3.vnnlib,0.0033202,3.683660609,sat,0.9428,sat
acasxu,vnncomp2023_benchmarks/benchmarks/acasxu/onnx/ACASXU_run2a_1_9_batch_2000.onnx,vnncomp2023_benchmarks/benchmarks/acasxu/vnnlib/prop_3.vnnlib,0.003431882,3.640231994,sat,0.9371,sat
acasxu,vnncomp2023_benchmarks/benchmarks/acasxu/onnx/ACASXU_run2a_2_1_batch_2000.onnx,vnncomp2023_benchmarks/benchmarks/acasxu/vnnlib/prop_3.vnnlib,0.003260509,6.88495585,unsat,>120,timeout
acasxu,vnncomp2023_benchmarks/benchmarks/acasxu/onnx/ACASXU_run2a_2_2_batch_2000.onnx,vnncomp2023_benchmarks/benchmarks/acasxu/vnnlib/prop_3.vnnlib,0.003464292,6.869544645,unsat,>120,timeout
acasxu,vnncomp2023_benchmarks/benchmarks/acasxu/onnx/ACASXU_run2a_2_3_batch_2000.onnx,vnncomp2023_benchmarks/benchmarks/acasxu/vnnlib/prop_3.vnnlib,0.003214619,6.789572617,unsat,>120,timeout
acasxu,vnncomp2023_benchmarks/benchmarks/acasxu/onnx/ACASXU_run2a_2_4_batch_2000.onnx,vnncomp2023_benchmarks/benchmarks/acasxu/vnnlib/prop_3.vnnlib,0.003220889,5.387983105,unsat,19.7153,unsat
acasxu,vnncomp2023_benchmarks/benchmarks/acasxu/onnx/ACASXU_run2a_2_5_batch_2000.onnx,vnncomp2023_benchmarks/benchmarks/acasxu/vnnlib/prop_3.vnnlib,0.003367831,6.151056925,unsat,23.6092,unsat
acasxu,vnncomp2023_benchmarks/benchmarks/acasxu/onnx/ACASXU_run2a_2_6_batch_2000.onnx,vnncomp2023_benchmarks/benchmarks/acasxu/vnnlib/prop_3.vnnlib,0.00329348,5.376091649,unsat,14.5194,unsat
acasxu,vnncomp2023_benchmarks/benchmarks/acasxu/onnx/ACASXU_run2a_2_7_batch_2000.onnx,vnncomp2023_benchmarks/benchmarks/acasxu/vnnlib/prop_3.vnnlib,0.00328085,5.438826305,unsat,15.4013,unsat
acasxu,vnncomp2023_benchmarks/benchmarks/acasxu/onnx/ACASXU_run2a_2_8_batch_2000.onnx,vnncomp2023_benchmarks/benchmarks/acasxu/vnnlib/prop_3.vnnlib,0.003255029,5.386072716,unsat,15.4675,unsat
acasxu,vnncomp2023_benchmarks/benchmarks/acasxu/onnx/ACASXU_run2a_2_9_batch_2000.onnx,vnncomp2023_benchmarks/benchmarks/acasxu/vnnlib/prop_3.vnnlib,0.003267189,5.418944223,unsat,15.2072,unsat
acasxu,vnncomp2023_benchmarks/benchmarks/acasxu/onnx/ACASXU_run2a_3_1_batch_2000.onnx,vnncomp2023_benchmarks/benchmarks/acasxu/vnnlib/prop_3.vnnlib,0.003190438,6.633042261,unsat,72.1372,unsat
acasxu,vnncomp2023_benchmarks/benchmarks/acasxu/onnx/ACASXU_run2a_3_2_batch_2000.onnx,vnncomp2023_benchmarks/benchmarks/acasxu/vnnlib/prop_3.vnnlib,0.00328925,6.75941513,unsat,>120,timeout
acasxu,vnncomp2023_benchmarks/benchmarks/acasxu/onnx/ACASXU_run2a_3_3_batch_2000.onnx,vnncomp2023_benchmarks/benchmarks/acasxu/vnnlib/prop_3.vnnlib,0.003190859,6.723796189,unsat,>120,timeout
acasxu,vnncomp2023_benchmarks/benchmarks/acasxu/onnx/ACASXU_run2a_3_4_batch_2000.onnx,vnncomp2023_benchmarks/benchmarks/acasxu/vnnlib/prop_3.vnnlib,0.00333873,6.642547635,unsat,45.4052,unsat
acasxu,vnncomp2023_benchmarks/benchmarks/acasxu/onnx/ACASXU_run2a_3_5_batch_2000.onnx,vnncomp2023_benchmarks/benchmarks/acasxu/vnnlib/prop_3.vnnlib,0.003205628,5.902901092,unsat,22.7469,unsat
acasxu,vnncomp2023_benchmarks/benchmarks/acasxu/onnx/ACASXU_run2a_3_6_batch_2000.onnx,vnncomp2023_benchmarks/benchmarks/acasxu/vnnlib/prop_3.vnnlib,0.00330609,6.631599338,unsat,33.1643,unsat
acasxu,vnncomp2023_benchmarks/benchmarks/acasxu/onnx/ACASXU_run2a_3_7_batch_2000.onnx,vnncomp2023_benchmarks/benchmarks/acasxu/vnnlib/prop_3.vnnlib,0.003190528,5.402869428,unsat,15.3842,unsat
acasxu,vnncomp2023_benchmarks/benchmarks/acasxu/onnx/ACASXU_run2a_3_8_batch_2000.onnx,vnncomp2023_benchmarks/benchmarks/acasxu/vnnlib/prop_3.vnnlib,0.003260199,5.925521226,unsat,21.4758,unsat
acasxu,vnncomp2023_benchmarks/benchmarks/acasxu/onnx/ACASXU_run2a_3_9_batch_2000.onnx,vnncomp2023_benchmarks/benchmarks/acasxu/vnnlib/prop_3.vnnlib,0.003366691,5.941767661,unsat,37.2443,unsat
acasxu,vnncomp2023_benchmarks/benchmarks/acasxu/onnx/ACASXU_run2a_4_1_batch_2000.onnx,vnncomp2023_benchmarks/benchmarks/acasxu/vnnlib/prop_3.vnnlib,0.003243379,6.427502181,unsat,>120,timeout
acasxu,vnncomp2023_benchmarks/benchmarks/acasxu/onnx/ACASXU_run2a_4_2_batch_2000.onnx,vnncomp2023_benchmarks/benchmarks/acasxu/vnnlib/prop_3.vnnlib,0.003308549,6.873962467,unsat,>120,timeout
acasxu,vnncomp2023_benchmarks/benchmarks/acasxu/onnx/ACASXU_run2a_4_3_batch_2000.onnx,vnncomp2023_benchmarks/benchmarks/acasxu/vnnlib/prop_3.vnnlib,0.00340453,6.855001943,unsat,>120,timeout
acasxu,vnncomp2023_benchmarks/benchmarks/acasxu/onnx/ACASXU_run2a_4_4_batch_2000.onnx,vnncomp2023_benchmarks/benchmarks/acasxu/vnnlib/prop_3.vnnlib,0.00331944,6.60101404,unsat,25.5978,unsat
acasxu,vnncomp2023_benchmarks/benchmarks/acasxu/onnx/ACASXU_run2a_4_5_batch_2000.onnx,vnncomp2023_benchmarks/benchmarks/acasxu/vnnlib/prop_3.vnnlib,0.00335631,5.701318754,unsat,17.445,unsat
acasxu,vnncomp2023_benchmarks/benchmarks/acasxu/onnx/ACASXU_run2a_4_6_batch_2000.onnx,vnncomp2023_benchmarks/benchmarks/acasxu/vnnlib/prop_3.vnnlib,0.003409981,6.667572469,unsat,84.2625,unsat
acasxu,vnncomp2023_benchmarks/benchmarks/acasxu/onnx/ACASXU_run2a_4_7_batch_2000.onnx,vnncomp2023_benchmarks/benchmarks/acasxu/vnnlib/prop_3.vnnlib,0.003226238,6.638343391,unsat,39.1701,unsat
acasxu,vnncomp2023_benchmarks/benchmarks/acasxu/onnx/ACASXU_run2a_4_8_batch_2000.onnx,vnncomp2023_benchmarks/benchmarks/acasxu/vnnlib/prop_3.vnnlib,0.003206558,5.392859439,unsat,15.5947,unsat
acasxu,vnncomp2023_benchmarks/benchmarks/acasxu/onnx/ACASXU_run2a_4_9_batch_2000.onnx,vnncomp2023_benchmarks/benchmarks/acasxu/vnnlib/prop_3.vnnlib,0.003287999,6.627943715,unsat,73.9034,unsat
acasxu,vnncomp2023_benchmarks/benchmarks/acasxu/onnx/ACASXU_run2a_5_1_batch_2000.onnx,vnncomp2023_benchmarks/benchmarks/acasxu/vnnlib/prop_3.vnnlib,0.003400091,6.937718703,unsat,>120,timeout
acasxu,vnncomp2023_benchmarks/benchmarks/acasxu/onnx/ACASXU_run2a_5_2_batch_2000.onnx,vnncomp2023_benchmarks/benchmarks/acasxu/vnnlib/prop_3.vnnlib,0.003380021,6.427813762,unsat,>120,timeout
acasxu,vnncomp2023_benchmarks/benchmarks/acasxu/onnx/ACASXU_run2a_5_3_batch_2000.onnx,vnncomp2023_benchmarks/benchmarks/acasxu/vnnlib/prop_3.vnnlib,0.003346369,6.200050078,unsat,36.8153,unsat
acasxu,vnncomp2023_benchmarks/benchmarks/acasxu/onnx/ACASXU_run2a_5_4_batch_2000.onnx,vnncomp2023_benchmarks/benchmarks/acasxu/vnnlib/prop_3.vnnlib,0.003368511,6.165484972,unsat,21.843,unsat
acasxu,vnncomp2023_benchmarks/benchmarks/acasxu/onnx/ACASXU_run2a_5_5_batch_2000.onnx,vnncomp2023_benchmarks/benchmarks/acasxu/vnnlib/prop_3.vnnlib,0.00332753,6.618709941,unsat,26.3502,unsat
acasxu,vnncomp2023_benchmarks/benchmarks/acasxu/onnx/ACASXU_run2a_5_6_batch_2000.onnx,vnncomp2023_benchmarks/benchmarks/acasxu/vnnlib/prop_3.vnnlib,0.003285159,5.882879532,unsat,26.9768,unsat
acasxu,vnncomp2023_benchmarks/benchmarks/acasxu/onnx/ACASXU_run2a_5_7_batch_2000.onnx,vnncomp2023_benchmarks/benchmarks/acasxu/vnnlib/prop_3.vnnlib,0.00329785,5.693847008,unsat,13.8594,unsat
acasxu,vnncomp2023_benchmarks/benchmarks/acasxu/onnx/ACASXU_run2a_5_8_batch_2000.onnx,vnncomp2023_benchmarks/benchmarks/acasxu/vnnlib/prop_3.vnnlib,0.00333681,5.863120859,unsat,26.8073,unsat
acasxu,vnncomp2023_benchmarks/benchmarks/acasxu/onnx/ACASXU_run2a_5_9_batch_2000.onnx,vnncomp2023_benchmarks/benchmarks/acasxu/vnnlib/prop_3.vnnlib,0.003285839,6.608601255,unsat,28.8056,unsat
acasxu,vnncomp2023_benchmarks/benchmarks/acasxu/onnx/ACASXU_run2a_1_1_batch_2000.onnx,vnncomp2023_benchmarks/benchmarks/acasxu/vnnlib/prop_4.vnnlib,0.003603655,7.178875701,unsat,>120,timeout
acasxu,vnncomp2023_benchmarks/benchmarks/acasxu/onnx/ACASXU_run2a_1_2_batch_2000.onnx,vnncomp2023_benchmarks/benchmarks/acasxu/vnnlib/prop_4.vnnlib,0.003356881,7.237675143,unsat,>120,timeout
acasxu,vnncomp2023_benchmarks/benchmarks/acasxu/onnx/ACASXU_run2a_1_3_batch_2000.onnx,vnncomp2023_benchmarks/benchmarks/acasxu/vnnlib/prop_4.vnnlib,0.003231259,6.981487781,unsat,>120,timeout
acasxu,vnncomp2023_benchmarks/benchmarks/acasxu/onnx/ACASXU_run2a_1_4_batch_2000.onnx,vnncomp2023_benchmarks/benchmarks/acasxu/vnnlib/prop_4.vnnlib,0.003416591,6.726786295,unsat,>120,timeout
acasxu,vnncomp2023_benchmarks/benchmarks/acasxu/onnx/ACASXU_run2a_1_5_batch_2000.onnx,vnncomp2023_benchmarks/benchmarks/acasxu/vnnlib/prop_4.vnnlib,0.003338211,6.014794235,unsat,70.5094,unsat
acasxu,vnncomp2023_benchmarks/benchmarks/acasxu/onnx/ACASXU_run2a_1_6_batch_2000.onnx,vnncomp2023_benchmarks/benchmarks/acasxu/vnnlib/prop_4.vnnlib,0.00326199,5.956432303,unsat,47.1193,unsat
acasxu,vnncomp2023_benchmarks/benchmarks/acasxu/onnx/ACASXU_run2a_1_7_batch_2000.onnx,vnncomp2023_benchmarks/benchmarks/acasxu/vnnlib/prop_4.vnnlib,0.00323314,3.703002049,sat,0.9555,sat
acasxu,vnncomp2023_benchmarks/benchmarks/acasxu/onnx/ACASXU_run2a_1_8_batch_2000.onnx,vnncomp2023_benchmarks/benchmarks/acasxu/vnnlib/prop_4.vnnlib,0.003306652,3.703874513,sat,0.8876,sat
acasxu,vnncomp2023_benchmarks/benchmarks/acasxu/onnx/ACASXU_run2a_1_9_batch_2000.onnx,vnncomp2023_benchmarks/benchmarks/acasxu/vnnlib/prop_4.vnnlib,0.003260249,3.652627849,sat,0.874,sat
acasxu,vnncomp2023_benchmarks/benchmarks/acasxu/onnx/ACASXU_run2a_2_1_batch_2000.onnx,vnncomp2023_benchmarks/benchmarks/acasxu/vnnlib/prop_4.vnnlib,0.00330801,6.647525981,unsat,49.2925,unsat
acasxu,vnncomp2023_benchmarks/benchmarks/acasxu/onnx/ACASXU_run2a_2_2_batch_2000.onnx,vnncomp2023_benchmarks/benchmarks/acasxu/vnnlib/prop_4.vnnlib,0.00328987,6.244089658,unsat,27.6801,unsat
acasxu,vnncomp2023_benchmarks/benchmarks/acasxu/onnx/ACASXU_run2a_2_3_batch_2000.onnx,vnncomp2023_benchmarks/benchmarks/acasxu/vnnlib/prop_4.vnnlib,0.003373422,5.92402137,unsat,23.3195,unsat
acasxu,vnncomp2023_benchmarks/benchmarks/acasxu/onnx/ACASXU_run2a_2_4_batch_2000.onnx,vnncomp2023_benchmarks/benchmarks/acasxu/vnnlib/prop_4.vnnlib,0.00324446,6.595655145,unsat,20.6081,unsat
acasxu,vnncomp2023_benchmarks/benchmarks/acasxu/onnx/ACASXU_run2a_2_5_batch_2000.onnx,vnncomp2023_benchmarks/benchmarks/acasxu/vnnlib/prop_4.vnnlib,0.003345711,6.232625574,unsat,18.6278,unsat
acasxu,vnncomp2023_benchmarks/benchmarks/acasxu/onnx/ACASXU_run2a_2_6_batch_2000.onnx,vnncomp2023_benchmarks/benchmarks/acasxu/vnnlib/prop_4.vnnlib,0.003325842,6.19014913,unsat,9.1905,unsat
acasxu,vnncomp2023_benchmarks/benchmarks/acasxu/onnx/ACASXU_run2a_2_7_batch_2000.onnx,vnncomp2023_benchmarks/benchmarks/acasxu/vnnlib/prop_4.vnnlib,0.003375352,6.142619551,unsat,8.1146,unsat
acasxu,vnncomp2023_benchmarks/benchmarks/acasxu/onnx/ACASXU_run2a_2_8_batch_2000.onnx,vnncomp2023_benchmarks/benchmarks/acasxu/vnnlib/prop_4.vnnlib,0.003202858,6.675280995,unsat,12.2425,unsat
acasxu,vnncomp2023_benchmarks/benchmarks/acasxu/onnx/ACASXU_run2a_2_9_batch_2000.onnx,vnncomp2023_benchmarks/benchmarks/acasxu/vnnlib/prop_4.vnnlib,0.003346371,5.420184527,unsat,7.6374,unsat
acasxu,vnncomp2023_benchmarks/benchmarks/acasxu/onnx/ACASXU_run2a_3_1_batch_2000.onnx,vnncomp2023_benchmarks/benchmarks/acasxu/vnnlib/prop_4.vnnlib,0.00323925,6.674561885,unsat,12.3982,unsat
acasxu,vnncomp2023_benchmarks/benchmarks/acasxu/onnx/ACASXU_run2a_3_2_batch_2000.onnx,vnncomp2023_benchmarks/benchmarks/acasxu/vnnlib/prop_4.vnnlib,0.003336861,6.253836297,unsat,13.9758,unsat
acasxu,vnncomp2023_benchmarks/benchmarks/acasxu/onnx/ACASXU_run2a_3_3_batch_2000.onnx,vnncomp2023_benchmarks/benchmarks/acasxu/vnnlib/prop_4.vnnlib,0.003217049,5.690395847,unsat,6.2421,unsat
acasxu,vnncomp2023_benchmarks/benchmarks/acasxu/onnx/ACASXU_run2a_3_4_batch_2000.onnx,vnncomp2023_benchmarks/benchmarks/acasxu/vnnlib/prop_4.vnnlib,0.003322652,5.851438046,unsat,9.8143,unsat
acasxu,vnncomp2023_benchmarks/benchmarks/acasxu/onnx/ACASXU_run2a_3_5_batch_2000.onnx,vnncomp2023_benchmarks/benchmarks/acasxu/vnnlib/prop_4.vnnlib,0.00326823,6.641409748,unsat,11.9028,unsat
acasxu,vnncomp2023_benchmarks/benchmarks/acasxu/onnx/ACASXU_run2a_3_6_batch_2000.onnx,vnncomp2023_benchmarks/benchmarks/acasxu/vnnlib/prop_4.vnnlib,0.003305721,6.648138198,unsat,7.2921,unsat
acasxu,vnncomp2023_benchmarks/benchmarks/acasxu/onnx/ACASXU_run2a_3_7_batch_2000.onnx,vnncomp2023_benchmarks/benchmarks/acasxu/vnnlib/prop_4.vnnlib,0.003176369,6.142602035,unsat,9.7172,unsat
acasxu,vnncomp2023_benchmarks/benchmarks/acasxu/onnx/ACASXU_run2a_3_8_batch_2000.onnx,vnncomp2023_benchmarks/benchmarks/acasxu/vnnlib/prop_4.vnnlib,0.003112798,6.234229738,unsat,8.7869,unsat
acasxu,vnncomp2023_benchmarks/benchmarks/acasxu/onnx/ACASXU_run2a_3_9_batch_2000.onnx,vnncomp2023_benchmarks/benchmarks/acasxu/vnnlib/prop_4.vnnlib,0.003247292,6.634778416,unsat,2.5412,unsat
acasxu,vnncomp2023_benchmarks/benchmarks/acasxu/onnx/ACASXU_run2a_4_1_batch_2000.onnx,vnncomp2023_benchmarks/benchmarks/acasxu/vnnlib/prop_4.vnnlib,0.003316633,5.418369437,unsat,2.4912,unsat
acasxu,vnncomp2023_benchmarks/benchmarks/acasxu/onnx/ACASXU_run2a_4_2_batch_2000.onnx,vnncomp2023_benchmarks/benchmarks/acasxu/vnnlib/prop_4.vnnlib,0.003669117,6.623821941,unsat,2.5935,unsat
acasxu,vnncomp2023_benchmarks/benchmarks/acasxu/onnx/ACASXU_run2a_4_3_batch_2000.onnx,vnncomp2023_benchmarks/benchmarks/acasxu/vnnlib/prop_4.vnnlib,0.003396657,6.19386375,unsat,2.5776,unsat
acasxu,vnncomp2023_benchmarks/benchmarks/acasxu/onnx/ACASXU_run2a_4_4_batch_2000.onnx,vnncomp2023_benchmarks/benchmarks/acasxu/vnnlib/prop_4.vnnlib,0.003385273,6.642611845,unsat,2.5487,unsat
acasxu,vnncomp2023_benchmarks/benchmarks/acasxu/onnx/ACASXU_run2a_4_5_batch_2000.onnx,vnncomp2023_benchmarks/benchmarks/acasxu/vnnlib/prop_4.vnnlib,0.003307746,6.179539614,unsat,2.5369,unsat
acasxu,vnncomp2023_benchmarks/benchmarks/acasxu/onnx/ACASXU_run2a_4_6_batch_2000.onnx,vnncomp2023_benchmarks/benchmarks/acasxu/vnnlib/prop_4.vnnlib,0.003269941,6.163204458,unsat,2.5265,unsat
acasxu,vnncomp2023_benchmarks/benchmarks/acasxu/onnx/ACASXU_run2a_4_7_batch_2000.onnx,vnncomp2023_benchmarks/benchmarks/acasxu/vnnlib/prop_4.vnnlib,0.003337053,5.922485319,unsat,2.5733,unsat
acasxu,vnncomp2023_benchmarks/benchmarks/acasxu/onnx/ACASXU_run2a_4_8_batch_2000.onnx,vnncomp2023_benchmarks/benchmarks/acasxu/vnnlib/prop_4.vnnlib,0.003238903,6.63102647,unsat,2.5554,unsat
acasxu,vnncomp2023_benchmarks/benchmarks/acasxu/onnx/ACASXU_run2a_4_9_batch_2000.onnx,vnncomp2023_benchmarks/benchmarks/acasxu/vnnlib/prop_4.vnnlib,0.0031899,6.177056494,unsat,2.5662,unsat
acasxu,vnncomp2023_benchmarks/benchmarks/acasxu/onnx/ACASXU_run2a_5_1_batch_2000.onnx,vnncomp2023_benchmarks/benchmarks/acasxu/vnnlib/prop_4.vnnlib,0.003288122,6.651730325,unsat,2.5593,unsat
acasxu,vnncomp2023_benchmarks/benchmarks/acasxu/onnx/ACASXU_run2a_5_2_batch_2000.onnx,vnncomp2023_benchmarks/benchmarks/acasxu/vnnlib/prop_4.vnnlib,0.00321782,6.56114245,unsat,2.5638,unsat
acasxu,vnncomp2023_benchmarks/benchmarks/acasxu/onnx/ACASXU_run2a_5_3_batch_2000.onnx,vnncomp2023_benchmarks/benchmarks/acasxu/vnnlib/prop_4.vnnlib,0.003298972,6.596915226,unsat,2.5448,unsat
acasxu,vnncomp2023_benchmarks/benchmarks/acasxu/onnx/ACASXU_run2a_5_4_batch_2000.onnx,vnncomp2023_benchmarks/benchmarks/acasxu/vnnlib/prop_4.vnnlib,0.003272651,5.883057301,unsat,2.5535,unsat
acasxu,vnncomp2023_benchmarks/benchmarks/acasxu/onnx/ACASXU_run2a_5_5_batch_2000.onnx,vnncomp2023_benchmarks/benchmarks/acasxu/vnnlib/prop_4.vnnlib,0.00320004,6.624640647,unsat,2.5347,unsat
acasxu,vnncomp2023_benchmarks/benchmarks/acasxu/onnx/ACASXU_run2a_5_6_batch_2000.onnx,vnncomp2023_benchmarks/benchmarks/acasxu/vnnlib/prop_4.vnnlib,0.003194647,5.391230691,unsat,2.4932,unsat
acasxu,vnncomp2023_benchmarks/benchmarks/acasxu/onnx/ACASXU_run2a_5_7_batch_2000.onnx,vnncomp2023_benchmarks/benchmarks/acasxu/vnnlib/prop_4.vnnlib,0.003327069,5.699392215,unsat,2.5069,unsat
acasxu,vnncomp2023_benchmarks/benchmarks/acasxu/onnx/ACASXU_run2a_5_8_batch_2000.onnx,vnncomp2023_benchmarks/benchmarks/acasxu/vnnlib/prop_4.vnnlib,0.003255121,6.175350224,unsat,2.5436,unsat
acasxu,vnncomp2023_benchmarks/benchmarks/acasxu/onnx/ACASXU_run2a_5_9_batch_2000.onnx,vnncomp2023_benchmarks/benchmarks/acasxu/vnnlib/prop_4.vnnlib,0.003202841,5.888156361,unsat,2.5528,unsat
acasxu,vnncomp2023_benchmarks/benchmarks/acasxu/onnx/ACASXU_run2a_1_1_batch_2000.onnx,vnncomp2023_benchmarks/benchmarks/acasxu/vnnlib/prop_5.vnnlib,0.003256801,13.45589255,unsat,53.1813,unsat
acasxu,vnncomp2023_benchmarks/benchmarks/acasxu/onnx/ACASXU_run2a_1_1_batch_2000.onnx,vnncomp2023_benchmarks/benchmarks/acasxu/vnnlib/prop_6.vnnlib,0.003374053,6.98246767,unsat,16.5514,unsat
acasxu,vnncomp2023_benchmarks/benchmarks/acasxu/onnx/ACASXU_run2a_1_9_batch_2000.onnx,vnncomp2023_benchmarks/benchmarks/acasxu/vnnlib/prop_7.vnnlib,0.003222601,8.80131644,sat,38.6446,sat
acasxu,vnncomp2023_benchmarks/benchmarks/acasxu/onnx/ACASXU_run2a_2_9_batch_2000.onnx,vnncomp2023_benchmarks/benchmarks/acasxu/vnnlib/prop_8.vnnlib,0.00320836,8.097148377,sat,1.4677,sat
acasxu,vnncomp2023_benchmarks/benchmarks/acasxu/onnx/ACASXU_run2a_3_3_batch_2000.onnx,vnncomp2023_benchmarks/benchmarks/acasxu/vnnlib/prop_9.vnnlib,0.003364873,8.187214558,unsat,5.838,unsat
acasxu,vnncomp2023_benchmarks/benchmarks/acasxu/onnx/ACASXU_run2a_4_5_batch_2000.onnx,vnncomp2023_benchmarks/benchmarks/acasxu/vnnlib/prop_10.vnnlib,0.003356003,7.213426029,unsat,4.4983,unsat
